unix_time_s,robotmode,safetystatus,program_state
1789616392.014317,Robotmode: RUNNING,Safetystatus: NORMAL,STOPPED null
1789616392.0619993,Robotmode: RUNNING,Safetystatus: NORMAL,STOPPED null
1789616392.1226535,Robotmode: RUNNING,Safetystatus: NORMAL,STOPPED null
1789616392.172992,Robotmode: RUNNING,Safetystatus: NORMAL,STOPPED null
1789616392.2121532,Robotmode: RUNNING,Safetystatus: NORMAL,STOPPED null
1789616392.2623162,Robotmode: RUNNING,Safetystatus: NORMAL,STOPPED null
1789616392.3125112,Robotmode: RUNNING,Safetystatus: NORMAL,STOPPED null
1789616392.3626168,Robotmode: RUNNING,Safetystatus: NORMAL,STOPPED null
1789616392.4127035,Robotmode: RUNNING,Safetystatus: NORMAL,STOPPED null
1789616392.4628584,Robotmode: RUNNING,Safetystatus: NORMAL,STOPPED null
1789616392.5131006,Robotmode: RUNNING,Safetystatus: NORMAL,STOPPED null
1789616392.5636473,Robotmode: RUNNING,Safetystatus: NORMAL,STOPPED null
1789616392.6132748,Robotmode: RUNNING,Safetystatus: NORMAL,STOPPED null
1789616392.6756222,Robotmode: RUNNING,Safetystatus: NORMAL,STOPPED null
1789616392.726915,Robotmode: RUNNING,Safetystatus: NORMAL,STOPPED null
1789616392.7720652,Robotmode: RUNNING,Safetystatus: NORMAL,STOPPED null
1789616392.81348,Robotmode: RUNNING,Safetystatus: NORMAL,STOPPED null
1789616392.86366,Robotmode: RUNNING,Safetystatus: NORMAL,STOPPED null
1789616392.9134705,Robotmode: RUNNING,Safetystatus: NORMAL,STOPPED null
1789616392.9636445,Robotmode: RUNNING,Safetystatus: NORMAL,STOPPED null
1789616393.0143387,Robotmode: RUNNING,Safetystatus: NORMAL,STOPPED null
1789616393.0640054,Robotmode: RUNNING,Safetystatus: NORMAL,STOPPED null
1789616393.1143134,Robotmode: RUNNING,Safetystatus: NORMAL,STOPPED null
1789616393.1641371,Robotmode: RUNNING,Safetystatus: NORMAL,STOPPED null
1789616393.2140312,Robotmode: RUNNING,Safetystatus: NORMAL,STOPPED null
1789616393.2640743,Robotmode: RUNNING,Safetystatus: NORMAL,STOPPED null
1789616393.3258843,Robotmode: RUNNING,Safetystatus: NORMAL,STOPPED null
1789616393.3728113,Robotmode: RUNNING,Safetystatus: NORMAL,STOPPED null
1789616393.4147546,Robotmode: RUNNING,Safetystatus: NORMAL,STOPPED null
1789616393.4641545,Robotmode: RUNNING,Safetystatus: NORMAL,STOPPED null
1789616393.5142343,Robotmode: RUNNING,Safetystatus: NORMAL,STOPPED null
1789616393.5647066,Robotmode: RUNNING,Safetystatus: NORMAL,STOPPED null
1789616393.614396,Robotmode: RUNNING,Safetystatus: NORMAL,STOPPED null
1789616393.6647396,Robotmode: RUNNING,Safetystatus: NORMAL,STOPPED null
1789616393.7147667,Robotmode: RUNNING,Safetystatus: NORMAL,STOPPED null
1789616393.7648578,Robotmode: RUNNING,Safetystatus: NORMAL,STOPPED null
1789616393.8150823,Robotmode: RUNNING,Safetystatus: NORMAL,STOPPED null
1789616393.865288,Robotmode: RUNNING,Safetystatus: NORMAL,STOPPED null
1789616393.9155328,Robotmode: RUNNING,Safetystatus: NORMAL,STOPPED null
1789616393.9653378,Robotmode: RUNNING,Safetystatus: NORMAL,STOPPED null
1789616394.0154037,Robotmode: RUNNING,Safetystatus: NORMAL,STOPPED null
1789616394.0656812,Robotmode: RUNNING,Safetystatus: NORMAL,STOPPED null
1789616394.1157992,Robotmode: RUNNING,Safetystatus: NORMAL,STOPPED null
1789616394.1657853,Robotmode: RUNNING,Safetystatus: NORMAL,STOPPED null
1789616394.215867,Robotmode: RUNNING,Safetystatus: NORMAL,STOPPED null
1789616394.2665071,Robotmode: RUNNING,Safetystatus: NORMAL,STOPPED null
1789616394.3159344,Robotmode: RUNNING,Safetystatus: NORMAL,STOPPED null
1789616394.3660634,Robotmode: RUNNING,Safetystatus: NORMAL,STOPPED null
1789616394.4160259,Robotmode: RUNNING,Safetystatus: NORMAL,STOPPED null
1789616394.4663086,Robotmode: RUNNING,Safetystatus: NORMAL,STOPPED null
1789616394.5163143,Robotmode: RUNNING,Safetystatus: NORMAL,STOPPED null
1789616394.566483,Robotmode: RUNNING,Safetystatus: NORMAL,STOPPED null
1789616394.6163008,Robotmode: RUNNING,Safetystatus: NORMAL,STOPPED null
1789616394.6668959,Robotmode: RUNNING,Safetystatus: NORMAL,STOPPED null
1789616394.7168772,Robotmode: RUNNING,Safetystatus: NORMAL,STOPPED null
1789616394.7666247,Robotmode: RUNNING,Safetystatus: NORMAL,STOPPED null
1789616394.8170805,Robotmode: RUNNING,Safetystatus: NORMAL,STOPPED null
1789616394.8670998,Robotmode: RUNNING,Safetystatus: NORMAL,STOPPED null
1789616394.917086,Robotmode: RUNNING,Safetystatus: NORMAL,STOPPED null
1789616394.9671724,Robotmode: RUNNING,Safetystatus: NORMAL,STOPPED null
1789616395.017324,Robotmode: RUNNING,Safetystatus: NORMAL,STOPPED null
1789616395.0670125,Robotmode: RUNNING,Safetystatus: NORMAL,STOPPED null
1789616395.1171043,Robotmode: RUNNING,Safetystatus: NORMAL,STOPPED null
1789616395.1673234,Robotmode: RUNNING,Safetystatus: NORMAL,STOPPED null
1789616395.2176013,Robotmode: RUNNING,Safetystatus: NORMAL,STOPPED null
1789616395.267379,Robotmode: RUNNING,Safetystatus: NORMAL,STOPPED null
1789616395.3177288,Robotmode: RUNNING,Safetystatus: NORMAL,STOPPED null
1789616395.3677886,Robotmode: RUNNING,Safetystatus: NORMAL,STOPPED null
1789616395.4177902,Robotmode: RUNNING,Safetystatus: NORMAL,STOPPED null
1789616395.4677896,Robotmode: RUNNING,Safetystatus: NORMAL,STOPPED null
1789616395.5182056,Robotmode: RUNNING,Safetystatus: NORMAL,STOPPED null
1789616395.567654,Robotmode: RUNNING,Safetystatus: NORMAL,STOPPED null
1789616395.6183677,Robotmode: RUNNING,Safetystatus: NORMAL,STOPPED null
1789616395.667948,Robotmode: RUNNING,Safetystatus: NORMAL,STOPPED null
1789616395.717953,Robotmode: RUNNING,Safetystatus: NORMAL,STOPPED null
1789616395.78016,Robotmode: RUNNING,Safetystatus: NORMAL,STOPPED null
1789616395.8317924,Robotmode: RUNNING,Safetystatus: NORMAL,STOPPED null
1789616395.8785048,Robotmode: RUNNING,Safetystatus: NORMAL,STOPPED null
1789616395.930923,Robotmode: RUNNING,Safetystatus: NORMAL,STOPPED null
1789616395.9703643,Robotmode: RUNNING,Safetystatus: NORMAL,STOPPED null
1789616396.0192013,Robotmode: RUNNING,Safetystatus: NORMAL,STOPPED null
1789616396.0687084,Robotmode: RUNNING,Safetystatus: NORMAL,STOPPED null
1789616396.119008,Robotmode: RUNNING,Safetystatus: NORMAL,STOPPED null
1789616396.1691482,Robotmode: RUNNING,Safetystatus: NORMAL,STOPPED null
1789616396.2188563,Robotmode: RUNNING,Safetystatus: NORMAL,STOPPED null
1789616396.2690399,Robotmode: RUNNING,Safetystatus: NORMAL,STOPPED null
1789616396.3278139,Robotmode: RUNNING,Safetystatus: NORMAL,STOPPED null
1789616396.377684,Robotmode: RUNNING,Safetystatus: NORMAL,STOPPED null
1789616396.4194841,Robotmode: RUNNING,Safetystatus: NORMAL,STOPPED null
1789616396.469755,Robotmode: RUNNING,Safetystatus: NORMAL,STOPPED null
1789616396.5195715,Robotmode: RUNNING,Safetystatus: NORMAL,STOPPED null
1789616396.5694623,Robotmode: RUNNING,Safetystatus: NORMAL,STOPPED null
1789616396.6197736,Robotmode: RUNNING,Safetystatus: NORMAL,STOPPED null
1789616396.6698375,Robotmode: RUNNING,Safetystatus: NORMAL,STOPPED null
1789616396.7200282,Robotmode: RUNNING,Safetystatus: NORMAL,STOPPED null
1789616396.7702222,Robotmode: RUNNING,Safetystatus: NORMAL,STOPPED null
1789616396.8201509,Robotmode: RUNNING,Safetystatus: NORMAL,STOPPED null
1789616396.8701665,Robotmode: RUNNING,Safetystatus: NORMAL,STOPPED null
1789616396.9326918,Robotmode: RUNNING,Safetystatus: NORMAL,STOPPED null
1789616396.984039,Robotmode: RUNNING,Safetystatus: NORMAL,STOPPED null
1789616397.0205042,Robotmode: RUNNING,Safetystatus: NORMAL,STOPPED null
1789616397.0704224,Robotmode: RUNNING,Safetystatus: NORMAL,STOPPED null
1789616397.1208062,Robotmode: RUNNING,Safetystatus: NORMAL,STOPPED null
1789616397.170873,Robotmode: RUNNING,Safetystatus: NORMAL,STOPPED null
1789616397.220651,Robotmode: RUNNING,Safetystatus: NORMAL,STOPPED null
1789616397.2709527,Robotmode: RUNNING,Safetystatus: NORMAL,STOPPED null
1789616397.3209217,Robotmode: RUNNING,Safetystatus: NORMAL,STOPPED null
1789616397.3711314,Robotmode: RUNNING,Safetystatus: NORMAL,STOPPED null
1789616397.4210057,Robotmode: RUNNING,Safetystatus: NORMAL,STOPPED null
1789616397.4814713,Robotmode: RUNNING,Safetystatus: NORMAL,STOPPED null
1789616397.5317602,Robotmode: RUNNING,Safetystatus: NORMAL,STOPPED null
1789616397.575486,Robotmode: RUNNING,Safetystatus: NORMAL,STOPPED null
1789616397.6212785,Robotmode: RUNNING,Safetystatus: NORMAL,STOPPED null
1789616397.6715086,Robotmode: RUNNING,Safetystatus: NORMAL,STOPPED null
1789616397.7220626,Robotmode: RUNNING,Safetystatus: NORMAL,STOPPED null
1789616397.7716703,Robotmode: RUNNING,Safetystatus: NORMAL,STOPPED null
1789616397.82176,Robotmode: RUNNING,Safetystatus: NORMAL,STOPPED null
1789616397.871722,Robotmode: RUNNING,Safetystatus: NORMAL,STOPPED null
1789616397.9219368,Robotmode: RUNNING,Safetystatus: NORMAL,STOPPED null
1789616397.9720616,Robotmode: RUNNING,Safetystatus: NORMAL,STOPPED null
1789616398.0221007,Robotmode: RUNNING,Safetystatus: NORMAL,STOPPED null
1789616398.085565,Robotmode: RUNNING,Safetystatus: NORMAL,STOPPED null
1789616398.1313121,Robotmode: RUNNING,Safetystatus: NORMAL,STOPPED null
1789616398.1734807,Robotmode: RUNNING,Safetystatus: NORMAL,STOPPED null
1789616398.2221603,Robotmode: RUNNING,Safetystatus: NORMAL,STOPPED null
1789616398.2720783,Robotmode: RUNNING,Safetystatus: NORMAL,STOPPED null
1789616398.322384,Robotmode: RUNNING,Safetystatus: NORMAL,STOPPED null
1789616398.3725672,Robotmode: RUNNING,Safetystatus: NORMAL,STOPPED null
1789616398.4228053,Robotmode: RUNNING,Safetystatus: NORMAL,STOPPED null
1789616398.4727302,Robotmode: RUNNING,Safetystatus: NORMAL,STOPPED null
1789616398.5229185,Robotmode: RUNNING,Safetystatus: NORMAL,STOPPED null
1789616398.5730793,Robotmode: RUNNING,Safetystatus: NORMAL,STOPPED null
1789616398.622982,Robotmode: RUNNING,Safetystatus: NORMAL,STOPPED null
1789616398.6865838,Robotmode: RUNNING,Safetystatus: NORMAL,STOPPED null
1789616398.734704,Robotmode: RUNNING,Safetystatus: NORMAL,STOPPED null
1789616398.7731354,Robotmode: RUNNING,Safetystatus: NORMAL,STOPPED null
1789616398.8232217,Robotmode: RUNNING,Safetystatus: NORMAL,STOPPED null
1789616398.8731725,Robotmode: RUNNING,Safetystatus: NORMAL,STOPPED null
1789616398.9232805,Robotmode: RUNNING,Safetystatus: NORMAL,STOPPED null
1789616398.9731705,Robotmode: RUNNING,Safetystatus: NORMAL,STOPPED null
1789616399.0238261,Robotmode: RUNNING,Safetystatus: NORMAL,STOPPED null
1789616399.0739312,Robotmode: RUNNING,Safetystatus: NORMAL,STOPPED null
1789616399.1240308,Robotmode: RUNNING,Safetystatus: NORMAL,STOPPED null
1789616399.1738768,Robotmode: RUNNING,Safetystatus: NORMAL,STOPPED null
1789616399.2241862,Robotmode: RUNNING,Safetystatus: NORMAL,STOPPED null
1789616399.2852502,Robotmode: RUNNING,Safetystatus: NORMAL,STOPPED null
1789616399.3380828,Robotmode: RUNNING,Safetystatus: NORMAL,STOPPED null
1789616399.376133,Robotmode: RUNNING,Safetystatus: NORMAL,STOPPED null
1789616399.4240642,Robotmode: RUNNING,Safetystatus: NORMAL,STOPPED null
1789616399.4744403,Robotmode: RUNNING,Safetystatus: NORMAL,STOPPED null
1789616399.5240881,Robotmode: RUNNING,Safetystatus: NORMAL,STOPPED null
1789616399.5746493,Robotmode: RUNNING,Safetystatus: NORMAL,STOPPED null
1789616399.6245065,Robotmode: RUNNING,Safetystatus: NORMAL,STOPPED null
1789616399.6748922,Robotmode: RUNNING,Safetystatus: NORMAL,STOPPED null
1789616399.7248888,Robotmode: RUNNING,Safetystatus: NORMAL,STOPPED null
1789616399.7750134,Robotmode: RUNNING,Safetystatus: NORMAL,STOPPED null
1789616399.8248246,Robotmode: RUNNING,Safetystatus: NORMAL,STOPPED null
1789616399.880205,Robotmode: RUNNING,Safetystatus: NORMAL,STOPPED null
1789616399.9329944,Robotmode: RUNNING,Safetystatus: NORMAL,STOPPED null
1789616399.9848938,Robotmode: RUNNING,Safetystatus: NORMAL,STOPPED null
1789616400.0255044,Robotmode: RUNNING,Safetystatus: NORMAL,STOPPED null
1789616400.0752578,Robotmode: RUNNING,Safetystatus: NORMAL,STOPPED null
1789616400.1256294,Robotmode: RUNNING,Safetystatus: NORMAL,STOPPED null
1789616400.1757374,Robotmode: RUNNING,Safetystatus: NORMAL,STOPPED null
1789616400.2258584,Robotmode: RUNNING,Safetystatus: NORMAL,STOPPED null
1789616400.2758174,Robotmode: RUNNING,Safetystatus: NORMAL,STOPPED null
1789616400.3261447,Robotmode: RUNNING,Safetystatus: NORMAL,STOPPED null
1789616400.3759131,Robotmode: RUNNING,Safetystatus: NORMAL,STOPPED null
1789616400.426286,Robotmode: RUNNING,Safetystatus: NORMAL,STOPPED null
1789616400.4895153,Robotmode: RUNNING,Safetystatus: NORMAL,STOPPED null
1789616400.539534,Robotmode: RUNNING,Safetystatus: NORMAL,STOPPED null
1789616400.5762281,Robotmode: RUNNING,Safetystatus: NORMAL,STOPPED null
1789616400.627012,Robotmode: RUNNING,Safetystatus: NORMAL,STOPPED null
1789616400.67669,Robotmode: RUNNING,Safetystatus: NORMAL,STOPPED null
1789616400.7267492,Robotmode: RUNNING,Safetystatus: NORMAL,STOPPED null
1789616400.7766669,Robotmode: RUNNING,Safetystatus: NORMAL,STOPPED null
1789616400.8268826,Robotmode: RUNNING,Safetystatus: NORMAL,STOPPED null
1789616400.87681,Robotmode: RUNNING,Safetystatus: NORMAL,STOPPED null
1789616400.9271784,Robotmode: RUNNING,Safetystatus: NORMAL,STOPPED null
1789616400.9769177,Robotmode: RUNNING,Safetystatus: NORMAL,STOPPED null
1789616401.0268736,Robotmode: RUNNING,Safetystatus: NORMAL,STOPPED null
1789616401.076834,Robotmode: RUNNING,Safetystatus: NORMAL,STOPPED null
1789616401.1390631,Robotmode: RUNNING,Safetystatus: NORMAL,STOPPED null
1789616401.1901991,Robotmode: RUNNING,Safetystatus: NORMAL,STOPPED null
1789616401.2272944,Robotmode: RUNNING,Safetystatus: NORMAL,STOPPED null
1789616401.2772684,Robotmode: RUNNING,Safetystatus: NORMAL,STOPPED null
1789616401.3271117,Robotmode: RUNNING,Safetystatus: NORMAL,STOPPED null
1789616401.3777485,Robotmode: RUNNING,Safetystatus: NORMAL,STOPPED null
1789616401.427735,Robotmode: RUNNING,Safetystatus: NORMAL,STOPPED null
1789616401.4777675,Robotmode: RUNNING,Safetystatus: NORMAL,STOPPED null
1789616401.5277712,Robotmode: RUNNING,Safetystatus: NORMAL,STOPPED null
1789616401.5779595,Robotmode: RUNNING,Safetystatus: NORMAL,STOPPED null
1789616401.62821,Robotmode: RUNNING,Safetystatus: NORMAL,STOPPED null
1789616401.687645,Robotmode: RUNNING,Safetystatus: NORMAL,STOPPED null
1789616401.7394662,Robotmode: RUNNING,Safetystatus: NORMAL,STOPPED null
1789616401.7783427,Robotmode: RUNNING,Safetystatus: NORMAL,STOPPED null
1789616401.828013,Robotmode: RUNNING,Safetystatus: NORMAL,STOPPED null
1789616401.8783576,Robotmode: RUNNING,Safetystatus: NORMAL,STOPPED null
1789616401.9287007,Robotmode: RUNNING,Safetystatus: NORMAL,STOPPED null
1789616401.9788895,Robotmode: RUNNING,Safetystatus: NORMAL,STOPPED null
