group,id,time,pnp_rms_px,homography_rms_px,depth_count,depth_fit_rms_mm,depth_pnp_xyz_rms_mm
initial,20261009-114728-288650,2026-10-09T11:47:33.946484+08:00,0.17947904410726062,0.1637062565089605,54,0.1673748670979805,0.23120827615743872
initial,20261009-114742-151970,2026-10-09T11:47:47.177151+08:00,0.1824236262095774,0.1643151784688378,54,0.16293615633742753,0.19959907575046534
initial,20261009-114748-333909,2026-10-09T11:47:52.372085+08:00,0.17786279601667207,0.16262365084728111,54,0.1690961981274628,0.20770516955936
initial,20261009-114753-536503,2026-10-09T11:47:57.527276+08:00,0.17246438435677097,0.15841656616752267,54,0.1738849916123059,0.19809425467716552
initial,20261009-114758-726370,2026-10-09T11:48:02.612913+08:00,0.1815806768930767,0.16560335240121474,54,0.1686643074634542,0.2005593382669864
pose-change,20261009-115100-833978,2026-10-09T11:51:04.934903+08:00,0.1789130365563253,0.16616510264621587,54,0.1897474845300996,0.4403515986673298
pose-change,20261009-115114-976651,2026-10-09T11:51:23.339076+08:00,0.1787773740162523,0.16677637824263875,54,0.19244976205657538,0.4478041397609299
pose-change,20261009-115124-489966,2026-10-09T11:51:28.627505+08:00,0.18329995085218376,0.1711522752042346,54,0.19712573531796052,0.4654584517119066
translation-only,20261009-115448-094561,2026-10-09T11:54:54.057978+08:00,0.18347161568452575,0.17393558331553274,54,0.15023277642909558,0.3007740146687614
translation-only,20261009-115455-222814,2026-10-09T11:54:59.967126+08:00,0.19504052464230726,0.18582038597979328,54,0.15607690307456779,0.31978199458374507
translation-only,20261009-115501-085801,2026-10-09T11:55:05.168564+08:00,0.18777250804720577,0.17960825077990009,54,0.1524754973506063,0.27058908309079766
return-to-pose,20261009-120336-017392,2026-10-09T12:03:43.059143+08:00,0.17108466181406703,0.16237568868890676,54,0.20697996224262477,0.5027513662154034
return-to-pose,20261009-120348-130237,2026-10-09T12:03:51.712041+08:00,0.1750425095541135,0.15932813314557429,54,0.20397173675717123,0.3942467674604652
return-to-pose,20261009-120353-728071,2026-10-09T12:03:57.348261+08:00,0.16946672102182753,0.15644305211630158,54,0.21687566023387062,0.4719376009504159
xminus-160,20261009-120620-418083,2026-10-09T12:06:24.382176+08:00,0.1687705083642587,0.14684325639016452,35,0.2750969517071863,0.6900770382431539
xminus-160,20261009-120626-354530,2026-10-09T12:06:30.654317+08:00,0.17208981282773644,0.1538115150305213,35,0.25966490830980676,0.7310219236609236
xminus-160,20261009-120632-566870,2026-10-09T12:06:36.622141+08:00,0.17152282224066906,0.1514921120345396,35,0.23170605696573257,0.7321735892640455
x-return,20261009-120725-044078,2026-10-09T12:07:30.353747+08:00,0.17244031366018536,0.15857321972832475,54,0.19642899755287702,0.43576647699006454
x-return,20261009-120732-400546,2026-10-09T12:07:36.286107+08:00,0.1683650399615169,0.15415203850361048,54,0.1985304661778733,0.3754468760719449
x-return,20261009-120738-229085,2026-10-09T12:07:44.788942+08:00,0.17229387520448014,0.15861497316580894,54,0.20373914901161044,0.43212884602991847
