pair,A_translation_mm,A_rotation_deg,A_delta_x_mm,A_delta_y_mm,A_delta_z_mm,C_translation_mm,C_rotation_deg,C_delta_x_mm,C_delta_y_mm,C_delta_z_mm,CD_translation_mm,CD_rotation_deg,CD_delta_x_mm,CD_delta_y_mm,CD_delta_z_mm
initial -> pose-change,26.174199369706628,14.794510125940464,24.026137220068133,-10.384196948724716,-0.0435506337941316,2.092979041923086,0.29671569548375587,-0.017063821926177614,-2.052880590345897,-0.40737130199810545,2.0626075940268467,0.2272340274182507,-0.12742995669362545,-1.7948213231381085,-1.0083293663694648
pose-change -> translation-only,155.1892769632262,0.005792787235457192,-0.03897703601563052,155.1892651558148,0.046320166196267554,1.4236588123928828,0.3954646347119397,-0.4463761275880218,-0.022091848014209325,1.351689578666179,1.6727501206527269,0.08185911058297672,-0.44164946171881825,-0.38951481069440796,1.565668206024792
translation-only -> return-to-pose,155.1573814138241,0.004921030068268368,0.0004305907521096053,-155.1573791224093,0.026662228546248112,1.8602858557986577,0.3136805243547035,0.30471768041573366,-0.21035452566639523,-1.8230637877096525,1.7785439247890973,0.14744548442291833,0.3502655912407948,0.016162811296786816,-1.743637368126735
pose-change -> return-to-pose,0.08848150943073381,0.009071649156237767,-0.03854644526352091,0.031886033405474634,0.07298239474251567,0.5443271784909215,0.08712441013307712,-0.14165844717228815,-0.23244637368060456,-0.4713742090434736,0.4235749637278072,0.06559994716330114,-0.09138387047802343,-0.37335199939762115,-0.17796916210194302
return-to-pose -> xminus-160,159.9714683951571,0.0072503002549024875,-159.97146075673857,-0.010730709600968724,-0.04825670803842996,1.258795808935377,0.486405071908262,-0.5443626510133748,-0.9509136373424889,0.6196768892665263,0.5141761501999048,0.4310048086115425,-0.20444648105366614,-0.43004399877701743,-0.19401265148190872
xminus-160 -> x-return,159.97952006468577,0.002650186199102181,159.97951673168893,0.003947258783623675,0.032416687203884464,1.1426558942560274,0.4874615641590809,0.5103082612797905,0.7910016111105298,-0.6477379272268879,0.30774751472716483,0.4238049697228606,0.152839735273802,0.2214090042630193,0.1494208853321348
return-to-pose -> x-return,0.01902157189694987,0.008759845368381095,0.008055974950349487,-0.006783450817345049,-0.0158400208345455,0.16588845482778639,0.03777904357331875,-0.03405438973358432,-0.15991202623195921,-0.02806103796036165,0.21949998349475947,0.06338324334968704,-0.05160674577986413,-0.20863499451399814,-0.044591766149773907
pose-change -> xminus-160,160.01001051088042,0.006565991593085766,-160.0100072020021,0.02115532380450591,0.024725686704085703,1.3758486645724448,0.5474113510013818,-0.6860210981856629,-1.1833600110230935,0.1483026802230527,0.9334512287246283,0.3891001700125373,-0.2958303515316896,-0.8033959981746386,-0.37198181358385174
pose-change -> x-return,0.069462647000748,0.006834346359303801,-0.030490470313171425,0.025102582588129585,0.05714237390797017,0.6589807895418796,0.1183312701791419,-0.17571283690587247,-0.39235839991256377,-0.49943524700383524,0.6392875285850331,0.10384389106975594,-0.14299061625788756,-0.5819869939116193,-0.22256092825171692
