group,id,frames,rms_px,max_px,corners_delta_stored_rms_px,depth_count,depth_xyz_vs_pnp_rms_mm,depth_fit_rms_mm
initial,20261009-114728-288650,388,0.21005419172984213,0.5030272444085745,0.003612404698843362,54,0.6465538850969658,0.19094048898547517
initial,20261009-114742-151970,494,0.20433768598231025,0.4744295085297423,0.004227883028371918,54,0.662363605439578,0.19014187516323117
initial,20261009-114748-333909,374,0.20553164426782403,0.4716576829159912,0.0037316281837930895,54,0.6333545803534347,0.17953069251218545
initial,20261009-114753-536503,408,0.20532835723728615,0.48703537619794035,0.003573373985402534,54,0.6501995294638641,0.19303679557270825
initial,20261009-114758-726370,359,0.20810288489772666,0.5057090082389025,0.003815138049620757,54,0.6072584277660926,0.1988625609586187
pose-change,20261009-115100-833978,384,0.29829354037295447,0.714240380493134,0.00548027630324555,54,1.2658512600827927,0.2836224460311499
pose-change,20261009-115114-976651,939,0.3004844311037699,0.7254798223238068,0.006968380816097991,54,1.2608738840205092,0.2777424917524438
pose-change,20261009-115124-489966,397,0.30065434108410544,0.7309930053110008,0.004058170715244611,54,1.321259506040014,0.28113006368495735
translation-only,20261009-115448-094561,592,0.16927572803550503,0.5030530362636476,0.003942617800388602,54,1.0306681737818195,0.15537552348150768
translation-only,20261009-115455-222814,476,0.16809048256717338,0.48834253928845783,0.004243613548811725,54,1.0203276817034064,0.15266372453369495
translation-only,20261009-115501-085801,435,0.16735061121487693,0.4765749811962708,0.005686876132193901,54,1.0307480517849863,0.15356418515414424
return-to-pose,20261009-120336-017392,764,0.29892328287478037,0.6019719242573937,0.005582217885167865,54,0.9528336297878768,0.27065906749602453
return-to-pose,20261009-120348-130237,375,0.29203531148268724,0.5956147673825775,0.05222263780162478,54,0.9238967140826404,0.23728310248504414
return-to-pose,20261009-120353-728071,379,0.29351132325030094,0.6131072731366481,0.007893154814470055,54,0.9818723756801346,0.24835695753396786
xminus-160,20261009-120620-418083,383,0.3222624772910329,0.8352052066875713,0.004577417721631454,35,1.8691268940641057,0.2961161282275403
xminus-160,20261009-120626-354530,386,0.32075656838798505,0.8274586999119319,0.006122859395611534,36,1.99739082960483,0.6286276643105467
xminus-160,20261009-120632-566870,358,0.33421261284623033,0.82532207219425,0.008159834448682918,36,2.111175167467861,0.610175824096416
x-return,20261009-120725-044078,555,0.281952570137977,0.5635607306848859,0.04086818973325131,54,0.9672125032941972,0.2636003947077047
x-return,20261009-120732-400546,345,0.29745061683742563,0.5888272396294677,0.007551217120834083,54,0.9424657944140009,0.26823481110701675
x-return,20261009-120738-229085,721,0.2957180240848369,0.6225074270660096,0.007979069879064915,54,0.9754757202677677,0.2538145922897284
