group,repeat,wall_time_s,fx_n,fy_n,fz_n,tx_nm,ty_nm,tz_nm
1,1,1789523726.141565084,2.935744,6.579581,56.87523,2.256054,2.322762,0.310113
1,1,1789523726.142966986,2.826479,6.51286,56.811285,2.253418,2.309151,0.315735
1,1,1789523726.144729376,2.935744,6.579581,56.87523,2.256054,2.322762,0.310113
1,1,1789523726.146301031,2.892597,6.550168,56.952229,2.240898,2.308563,0.310542
1,1,1789523726.149651051,2.935744,6.579581,56.87523,2.256054,2.322762,0.310113
1,1,1789523726.151281834,2.980991,6.469875,56.763042,2.246944,2.306503,0.308674
1,1,1789523726.154139996,2.935744,6.579581,56.87523,2.256054,2.322762,0.310113
1,1,1789523726.155667543,2.994057,6.560511,56.84947,2.238992,2.304108,0.297653
1,1,1789523726.159042835,2.935744,6.579581,56.87523,2.256054,2.322762,0.310113
1,1,1789523726.160648346,3.006441,6.605042,56.837864,2.240022,2.314433,0.297067
1,1,1789523726.164095640,2.935744,6.579581,56.87523,2.256054,2.322762,0.310113
1,1,1789523726.165698528,2.877232,6.622654,56.863227,2.246807,2.308646,0.300536
1,1,1789523726.169201612,2.935744,6.579581,56.87523,2.256054,2.322762,0.310113
1,1,1789523726.170697212,2.810141,6.625121,56.804341,2.24087,2.308157,0.304575
1,1,1789523726.171171188,2.910943,6.515576,57.023136,2.251707,2.310415,0.302412
1,1,1789523726.172497749,2.873826,6.51194,56.8995,2.255268,2.315477,0.307235
1,1,1789523726.174008369,2.935744,6.579581,56.87523,2.256054,2.322762,0.310113
1,1,1789523726.176142454,2.828597,6.520467,56.75684,2.256196,2.316812,0.317414
1,1,1789523726.176703691,2.776625,6.527335,56.58832,2.251267,2.307679,0.321763
1,1,1789523726.179187059,2.935744,6.579581,56.87523,2.256054,2.322762,0.310113
1,1,1789523726.179833651,2.845083,6.563784,56.828508,2.2536,2.316557,0.315406
1,1,1789523726.180706978,2.900901,6.528512,56.883344,2.245903,2.315227,0.308879
1,1,1789523726.185190916,2.935744,6.579581,56.87523,2.256054,2.322762,0.310113
1,1,1789523726.185950756,2.987458,6.567457,56.884762,2.25149,2.325155,0.304623
1,1,1789523726.187254429,3.021161,6.541847,56.730724,2.245296,2.311008,0.305973
1,1,1789523726.189430952,3.007829,6.546348,56.82611,2.250292,2.315908,0.301876
1,1,1789523726.190159798,2.935744,6.579581,56.87523,2.256054,2.322762,0.310113
1,1,1789523726.191910028,3.115638,6.545058,56.837051,2.252311,2.320277,0.297422
1,1,1789523726.194255352,2.935744,6.579581,56.87523,2.256054,2.322762,0.310113
1,1,1789523726.194994450,3.105399,6.498856,56.835409,2.25677,2.321135,0.296618
1,1,1789523726.195710182,3.009226,6.577435,57.008735,2.245532,2.318639,0.293764
1,1,1789523726.199298143,2.935744,6.579581,56.87523,2.256054,2.322762,0.310113
1,1,1789523726.199968815,3.017255,6.509691,56.975604,2.251688,2.316655,0.302567
1,1,1789523726.200718164,2.869451,6.557005,56.801365,2.251799,2.315174,0.30367
1,1,1789523726.204312801,2.917922,6.527764,56.80643,2.247803,2.318531,0.307611
1,1,1789523726.204931259,2.935744,6.579581,56.87523,2.256054,2.322762,0.310113
1,1,1789523726.205815077,2.777451,6.522064,56.793291,2.254717,2.309369,0.30997
1,1,1789523726.209157944,2.935744,6.579581,56.87523,2.256054,2.322762,0.310113
1,1,1789523726.209641457,2.817979,6.561213,56.773291,2.251014,2.310973,0.309118
1,1,1789523726.210961342,2.796224,6.489517,56.982615,2.256832,2.311351,0.312487
1,1,1789523726.214134216,2.935744,6.579581,56.87523,2.256054,2.322762,0.310113
1,1,1789523726.214880705,2.831074,6.514866,56.946921,2.25092,2.315395,0.30175
1,1,1789523726.215885401,2.974308,6.513485,56.903753,2.252833,2.323256,0.317081
1,1,1789523726.219103813,2.935744,6.579581,56.87523,2.256054,2.322762,0.310113
1,1,1789523726.219837666,2.910917,6.517426,56.886441,2.250472,2.313734,0.304655
1,1,1789523726.220909357,3.10561,6.503603,56.727096,2.255872,2.321558,0.317069
1,1,1789523726.224247694,2.935744,6.579581,56.87523,2.256054,2.322762,0.310113
1,1,1789523726.225385189,3.015082,6.457671,56.70429,2.254707,2.318436,0.308077
1,1,1789523726.226162434,3.090082,6.558589,56.763168,2.254283,2.321349,0.303856
1,1,1789523726.229966879,2.935744,6.579581,56.87523,2.256054,2.322762,0.310113
1,1,1789523726.230560064,3.056567,6.564018,56.627845,2.245764,2.320481,0.306584
1,1,1789523726.231052637,2.971888,6.582135,56.95471,2.2567,2.320541,0.294931
1,1,1789523726.234171152,2.935744,6.579581,56.87523,2.256054,2.322762,0.310113
1,1,1789523726.235034943,2.963528,6.608464,56.905282,2.250825,2.314757,0.304478
1,1,1789523726.235883474,2.859709,6.60495,56.717099,2.250668,2.316984,0.303273
1,1,1789523726.238986969,2.935744,6.579581,56.87523,2.256054,2.322762,0.310113
1,1,1789523726.239581585,2.883796,6.637142,56.72799,2.249725,2.317991,0.310369
1,1,1789523726.240678549,2.823432,6.542866,56.78889,2.252849,2.312173,0.307363
1,1,1789523726.243870974,2.935744,6.579581,56.87523,2.256054,2.322762,0.310113
1,1,1789523726.244352818,2.791518,6.570496,56.818112,2.249647,2.308033,0.313711
1,1,1789523726.245386839,2.871191,6.469201,57.02068,2.252336,2.313365,0.313506
1,1,1789523726.248861790,2.935744,6.579581,56.87523,2.256054,2.322762,0.310113
1,1,1789523726.249275446,2.83902,6.506187,56.953986,2.250346,2.308018,0.305601
1,1,1789523726.250209093,2.925934,6.416521,56.881444,2.255555,2.318833,0.314599
1,1,1789523726.253844023,2.935744,6.579581,56.87523,2.256054,2.322762,0.310113
1,1,1789523726.254165649,2.868689,6.437034,56.849113,2.256432,2.305208,0.310007
1,1,1789523726.255198240,2.978777,6.468922,56.87225,2.25018,2.314276,0.307919
1,1,1789523726.258811712,2.935744,6.579581,56.87523,2.256054,2.322762,0.310113
1,1,1789523726.259121656,2.988977,6.529442,56.820881,2.239567,2.309692,0.316234
1,1,1789523726.260335684,2.97809,6.546534,56.971011,2.247446,2.313104,0.298999
1,1,1789523726.263781786,2.935744,6.579581,56.87523,2.256054,2.322762,0.310113
1,1,1789523726.264093637,3.011892,6.593879,56.921642,2.240673,2.308531,0.308656
1,1,1789523726.265232086,2.936161,6.658896,56.803591,2.243644,2.309476,0.298035
1,1,1789523726.268906593,2.935744,6.579581,56.87523,2.256054,2.322762,0.310113
1,1,1789523726.269587278,2.969907,6.654028,56.83736,2.241839,2.31035,0.302044
1,1,1789523726.270334959,2.952988,6.699649,56.642826,2.241334,2.316751,0.303053
1,1,1789523726.273806572,2.935744,6.579581,56.87523,2.256054,2.322762,0.310113
1,1,1789523726.274247885,2.926282,6.594303,56.677459,2.245069,2.305901,0.306713
1,1,1789523726.275220633,2.89601,6.59274,56.653618,2.243799,2.304377,0.309203
1,1,1789523726.278769970,2.935744,6.579581,56.87523,2.256054,2.322762,0.310113
1,1,1789523726.279589415,2.88082,6.567273,56.705555,2.248758,2.309733,0.30732
1,1,1789523726.280198574,2.880703,6.460778,56.882207,2.248237,2.304755,0.307267
1,1,1789523726.283778191,2.935744,6.579581,56.87523,2.256054,2.322762,0.310113
1,1,1789523726.284076691,2.85871,6.531054,56.916194,2.248934,2.307167,0.305029
1,1,1789523726.285220146,2.890957,6.4344,56.660403,2.244367,2.30489,0.320607
1,1,1789523726.288834095,2.935744,6.579581,56.87523,2.256054,2.322762,0.310113
1,1,1789523726.289452076,2.873444,6.516402,56.720279,2.25212,2.309218,0.311022
1,1,1789523726.290314913,2.880494,6.550081,56.798436,2.238962,2.301479,0.312611
1,1,1789523726.293843985,2.935744,6.579581,56.87523,2.256054,2.322762,0.310113
1,1,1789523726.294141293,2.947618,6.536956,56.79814,2.246977,2.318019,0.308203
1,1,1789523726.295351267,2.913977,6.557604,56.940446,2.248789,2.310287,0.302896
1,1,1789523726.298773289,2.935744,6.579581,56.87523,2.256054,2.322762,0.310113
1,1,1789523726.299235106,2.982305,6.516346,56.929808,2.246415,2.315772,0.309031
1,1,1789523726.300229788,2.960663,6.690021,56.796658,2.236861,2.308657,0.305527
1,1,1789523726.303806782,2.935744,6.579581,56.87523,2.256054,2.322762,0.310113
1,1,1789523726.304213762,3.049794,6.555618,56.830752,2.252055,2.322493,0.299529
1,1,1789523726.305841684,2.987905,6.557317,56.775679,2.249608,2.314673,0.305193
1,1,1789523726.308891058,2.935744,6.579581,56.87523,2.256054,2.322762,0.310113
1,1,1789523726.309426785,2.953264,6.507562,56.834418,2.256959,2.315215,0.29513
1,1,1789523726.313866377,2.935744,6.579581,56.87523,2.256054,2.322762,0.310113
1,1,1789523726.314695120,2.990336,6.555723,57.025889,2.252526,2.325899,0.293629
1,1,1789523726.318913221,2.935744,6.579581,56.87523,2.256054,2.322762,0.310113
1,1,1789523726.319906235,2.877691,6.53458,56.866781,2.254804,2.315519,0.310066
1,1,1789523726.323997498,2.935744,6.579581,56.87523,2.256054,2.322762,0.310113
1,1,1789523726.324655533,2.889343,6.516883,56.640335,2.256967,2.318217,0.314445
1,1,1789523726.329136372,2.935744,6.579581,56.87523,2.256054,2.322762,0.310113
1,1,1789523726.330302000,2.892337,6.542656,56.818918,2.253021,2.31445,0.309059
1,1,1789523726.334464788,2.935744,6.579581,56.87523,2.256054,2.322762,0.310113
1,1,1789523726.335410833,2.927346,6.471378,56.883067,2.258421,2.316329,0.308965
1,1,1789523726.340117931,2.935744,6.579581,56.87523,2.256054,2.322762,0.310113
1,1,1789523726.340855837,3.033853,6.549484,56.878207,2.250308,2.31933,0.305915
1,1,1789523726.344756126,2.935744,6.579581,56.87523,2.256054,2.322762,0.310113
1,1,1789523726.345755339,2.997233,6.571449,56.872678,2.249573,2.313119,0.307548
1,1,1789523726.349925280,2.935744,6.579581,56.87523,2.256054,2.322762,0.310113
1,1,1789523726.351228476,2.970571,6.616462,56.996687,2.250368,2.317567,0.297621
1,1,1789523726.354860067,2.935744,6.579581,56.87523,2.256054,2.322762,0.310113
1,1,1789523726.356672525,2.874706,6.597253,56.829469,2.247206,2.31113,0.3032
1,1,1789523726.360136747,2.935744,6.579581,56.87523,2.256054,2.322762,0.310113
1,1,1789523726.362737894,2.804763,6.49685,56.740128,2.24987,2.304935,0.311433
1,1,1789523726.364949942,2.935744,6.579581,56.87523,2.256054,2.322762,0.310113
1,1,1789523726.367148638,2.818194,6.437616,56.954369,2.253013,2.309855,0.312448
1,1,1789523726.369995832,2.935744,6.579581,56.87523,2.256054,2.322762,0.310113
1,1,1789523726.371378183,2.934894,6.506469,56.844139,2.243046,2.312079,0.313489
1,1,1789523726.374999046,2.935744,6.579581,56.87523,2.256054,2.322762,0.310113
1,1,1789523726.376255989,3.012119,6.529778,56.746283,2.249879,2.313215,0.310301
1,1,1789523726.380017042,2.935744,6.579581,56.87523,2.256054,2.322762,0.310113
1,1,1789523726.381394148,3.049232,6.619315,56.674109,2.242186,2.316326,0.305705
1,1,1789523726.385004997,2.935744,6.579581,56.87523,2.256054,2.322762,0.310113
1,1,1789523726.386385918,2.901838,6.629641,56.919953,2.245292,2.307515,0.301009
1,1,1789523726.390230179,2.935744,6.579581,56.87523,2.256054,2.322762,0.310113
1,1,1789523726.391694307,2.906939,6.600586,56.71332,2.247243,2.317046,0.300921
1,1,1789523726.395408154,2.935744,6.579581,56.87523,2.256054,2.322762,0.310113
1,1,1789523726.396408319,2.791339,6.61096,56.851071,2.241525,2.299949,0.303844
1,1,1789523726.399969816,2.935744,6.579581,56.87523,2.256054,2.322762,0.310113
1,1,1789523726.401046038,2.829213,6.480085,56.971998,2.253971,2.309564,0.305464
1,1,1789523726.404847145,2.935744,6.579581,56.87523,2.256054,2.322762,0.310113
1,1,1789523726.406004190,2.831637,6.529552,56.86282,2.246345,2.305877,0.318668
1,1,1789523726.410144567,2.935744,6.579581,56.87523,2.256054,2.322762,0.310113
1,1,1789523726.411220312,2.934929,6.498728,56.807111,2.248044,2.31502,0.313909
1,1,1789523726.415290356,2.935744,6.579581,56.87523,2.256054,2.322762,0.310113
1,1,1789523726.416284323,3.001059,6.562391,57.042761,2.244215,2.314962,0.297442
1,1,1789523726.422018290,2.935744,6.579581,56.87523,2.256054,2.322762,0.310113
1,1,1789523726.422971487,2.969392,6.573875,56.851984,2.24905,2.310121,0.299736
1,1,1789523726.425235510,2.935744,6.579581,56.87523,2.256054,2.322762,0.310113
1,1,1789523726.426656485,2.933637,6.53968,56.682593,2.256121,2.319428,0.305645
1,1,1789523726.430401087,2.935744,6.579581,56.87523,2.256054,2.322762,0.310113
1,1,1789523726.431844234,2.871419,6.580069,56.666148,2.248446,2.318005,0.312825
1,1,1789523726.435544014,2.892676,6.542214,56.874745,2.252687,2.314992,0.309134
1,1,1789523726.436915398,2.935744,6.579581,56.87523,2.256054,2.322762,0.310113
1,1,1789523726.440349579,2.935744,6.579581,56.87523,2.256054,2.322762,0.310113
1,1,1789523726.441755056,2.895935,6.475652,56.733038,2.261144,2.310748,0.313557
1,1,1789523726.445377350,2.935744,6.579581,56.87523,2.256054,2.322762,0.310113
1,1,1789523726.446810484,2.992081,6.49274,56.885691,2.257189,2.327509,0.311895
1,1,1789523726.450197458,2.935744,6.579581,56.87523,2.256054,2.322762,0.310113
1,1,1789523726.451113701,3.004928,6.473236,57.011329,2.253136,2.318618,0.30806
1,1,1789523726.455132961,2.935744,6.579581,56.87523,2.256054,2.322762,0.310113
1,1,1789523726.456125259,3.021931,6.574507,56.869348,2.255113,2.319023,0.299877
1,1,1789523726.460147142,2.935744,6.579581,56.87523,2.256054,2.322762,0.310113
1,1,1789523726.461063385,2.951392,6.614875,56.817757,2.253273,2.316695,0.302132
1,1,1789523726.465145350,2.935744,6.579581,56.87523,2.256054,2.322762,0.310113
1,1,1789523726.466300488,2.932009,6.584503,56.966389,2.249724,2.320325,0.302598
1,1,1789523726.470340252,2.897407,6.47771,56.449935,2.252499,2.316461,0.317769
1,1,1789523726.471783876,2.839546,6.562705,56.852548,2.25001,2.307322,0.311892
1,1,1789523726.475369453,2.924716,6.537888,56.798639,2.251231,2.314654,0.308066
1,1,1789523726.476804018,2.880709,6.456485,56.770114,2.259133,2.313162,0.313859
1,1,1789523726.480224848,3.003415,6.57523,56.537209,2.25,2.317976,0.307701
1,1,1789523726.481259346,2.907997,6.523162,56.873795,2.249953,2.313033,0.308446
1,1,1789523726.486125708,2.991014,6.57629,56.897321,2.256521,2.321929,0.30019
1,1,1789523726.487425566,2.977473,6.548682,56.854434,2.2462,2.315653,0.308223
1,1,1789523726.490746737,2.9222,6.508173,56.550887,2.251874,2.320296,0.311085
1,1,1789523726.492161036,2.998441,6.603823,56.820755,2.246452,2.314548,0.304047
1,1,1789523726.497347116,2.842098,6.472542,56.813785,2.258633,2.317527,0.312381
1,1,1789523726.498342037,2.986317,6.66728,56.793856,2.241156,2.312378,0.298111
1,1,1789523726.500006676,3.072486,6.487797,56.5699,2.253331,2.31817,0.311322
1,1,1789523726.501398087,2.925808,6.576963,56.936015,2.245984,2.310012,0.299916
1,1,1789523726.505115986,3.074789,6.558645,56.88301,2.257558,2.322454,0.297123
1,1,1789523726.506876707,2.879348,6.529177,56.822381,2.241756,2.308582,0.304806
1,1,1789523726.509951115,2.851067,6.486331,56.552292,2.256671,2.314203,0.311306
1,1,1789523726.510885239,2.871623,6.474394,56.806066,2.247274,2.306024,0.312302
1,1,1789523726.514963627,2.814762,6.505227,56.777002,2.25717,2.31788,0.318607
1,1,1789523726.516350269,2.866916,6.518074,56.977968,2.243769,2.307546,0.309117
1,1,1789523726.520021677,3.010436,6.511336,56.727186,2.251757,2.323044,0.311154
1,1,1789523726.521322966,2.892113,6.583753,56.810643,2.242649,2.310187,0.309184
1,1,1789523726.525186300,3.094587,6.542989,56.837255,2.250349,2.317049,0.303297
1,1,1789523726.526566744,2.910868,6.599061,56.666759,2.244233,2.306033,0.311871
1,1,1789523726.530026674,3.000738,6.564861,56.596129,2.245565,2.317503,0.309794
1,1,1789523726.531598091,2.87439,6.539333,56.484445,2.248126,2.305525,0.308409
1,1,1789523726.535110474,2.777405,6.510038,56.806775,2.25249,2.306436,0.31247
1,1,1789523726.536342859,2.988901,6.5854,56.922367,2.244753,2.313326,0.303554
1,1,1789523726.540141821,2.953043,6.550353,56.757661,2.254035,2.312517,0.305279
1,1,1789523726.541626453,2.928935,6.500016,56.662733,2.250981,2.312007,0.316435
1,1,1789523726.545119762,3.050597,6.545677,56.787568,2.249548,2.317889,0.301278
1,1,1789523726.546457291,2.879333,6.556968,56.805029,2.251753,2.31342,0.311959
1,1,1789523726.551454782,3.013568,6.606551,56.693159,2.247158,2.31939,0.300225
1,1,1789523726.552395105,2.830635,6.538647,56.975089,2.251751,2.312884,0.313662
1,1,1789523726.555493593,2.884177,6.529484,56.762564,2.255331,2.316868,0.30901
1,1,1789523726.556864738,2.869403,6.559315,56.809278,2.252803,2.313476,0.308625
1,1,1789523726.560067654,2.978924,6.482407,56.757562,2.251791,2.315371,0.30595
1,1,1789523726.561477184,2.86999,6.464502,56.805605,2.254191,2.317101,0.313197
1,1,1789523726.565025806,2.973052,6.512849,56.823891,2.256381,2.319103,0.306928
1,1,1789523726.566415071,3.105517,6.498256,56.972172,2.253188,2.320187,0.300831
1,1,1789523726.570139647,3.037704,6.54757,56.547043,2.255425,2.318134,0.308163
1,1,1789523726.571398258,3.100609,6.544047,56.862648,2.251684,2.325751,0.302611
1,1,1789523726.575833321,2.963374,6.625121,56.715041,2.248323,2.316802,0.301919
1,1,1789523726.577076197,2.980743,6.547419,56.855408,2.257802,2.318144,0.302899
1,1,1789523726.582463264,2.877554,6.526978,56.715482,2.26112,2.318887,0.302707
1,1,1789523726.583894968,2.862467,6.478691,56.602286,2.255501,2.319244,0.320297
1,1,1789523726.585352659,2.891796,6.504402,56.808866,2.254082,2.31707,0.315133
1,1,1789523726.586812735,2.806815,6.544678,56.945152,2.252935,2.31549,0.306478
1,1,1789523726.590125322,3.070611,6.505758,56.526133,2.248577,2.317457,0.31301
1,1,1789523726.592260122,2.892831,6.515919,56.719579,2.251131,2.318175,0.311604
1,1,1789523726.595021725,3.036839,6.57518,56.813414,2.247341,2.315404,0.299514
1,1,1789523726.596336126,3.024552,6.497261,56.895645,2.253654,2.319257,0.305365
1,1,1789523726.600032806,2.840434,6.535421,56.576767,2.247481,2.311095,0.308576
1,1,1789523726.601384878,3.075471,6.555329,57.039363,2.247756,2.315073,0.301362
1,1,1789523726.604986668,2.811611,6.487979,56.828106,2.251922,2.310837,0.3149
1,1,1789523726.606147289,3.05189,6.563819,56.828756,2.25158,2.322034,0.304219
1,1,1789523726.610190392,3.055739,6.507689,56.561614,2.24703,2.314305,0.311525
1,1,1789523726.611356735,2.918419,6.595072,56.79496,2.248688,2.315828,0.305521
1,1,1789523726.615013123,3.042651,6.598157,56.807223,2.245604,2.315816,0.295422
1,1,1789523726.616175890,2.836621,6.587437,56.975592,2.250931,2.31016,0.301279
1,1,1789523726.621674776,2.851956,6.587169,56.81417,2.249923,2.310356,0.30527
1,1,1789523726.622893095,2.809261,6.566754,56.801996,2.247915,2.30675,0.309172
1,1,1789523726.625076294,2.80761,6.505675,56.783792,2.254256,2.306831,0.315756
1,1,1789523726.627184153,2.85765,6.487514,56.629665,2.249537,2.306656,0.318571
1,1,1789523726.630720139,2.961422,6.503602,56.723031,2.250674,2.312193,0.313316
1,1,1789523726.632161617,2.967839,6.482454,56.703261,2.245972,2.312624,0.318871
1,1,1789523726.634988070,3.061407,6.560815,56.779975,2.244366,2.313394,0.301894
1,1,1789523726.636415005,2.961089,6.551531,56.814144,2.241732,2.303128,0.31092
1,1,1789523726.640317440,2.973775,6.588682,56.751269,2.244845,2.308871,0.30672
1,1,1789523726.641807318,2.985995,6.615967,56.489632,2.245475,2.314831,0.306487
1,1,1789523726.645019293,2.833369,6.551023,56.843267,2.250118,2.314706,0.30671
1,1,1789523726.646428108,2.922342,6.595655,56.743669,2.242853,2.308013,0.307686
1,1,1789523726.649830103,2.839641,6.472251,56.671131,2.257655,2.31555,0.31622
1,1,1789523726.650790215,2.900119,6.63361,56.798334,2.242474,2.307351,0.306644
1,1,1789523726.655495644,2.987249,6.551559,56.871192,2.254013,2.321658,0.30757
1,1,1789523726.656790972,2.888895,6.529616,56.811542,2.249809,2.310323,0.309968
1,1,1789523726.659853220,3.010595,6.590455,56.621201,2.253585,2.322587,0.302185
1,1,1789523726.665933132,2.940632,6.548048,56.824197,2.254034,2.320897,0.307149
1,1,1789523726.670012474,2.841345,6.510354,56.626602,2.255283,2.312502,0.317008
1,1,1789523726.674964666,2.92524,6.488608,56.769911,2.246212,2.31214,0.313664
1,1,1789523726.679741621,3.059852,6.538473,56.787165,2.241909,2.312344,0.30663
1,1,1789523726.685007572,2.981451,6.562742,56.78097,2.241678,2.309558,0.295995
1,1,1789523726.689995289,2.79727,6.567557,56.594204,2.250219,2.306823,0.313168
1,1,1789523726.694951057,2.833618,6.476816,56.813187,2.250987,2.312223,0.311475
1,1,1789523726.700063944,3.05427,6.516221,56.954506,2.256939,2.324588,0.30783
1,1,1789523726.704946518,2.987868,6.601824,56.873875,2.2568,2.322898,0.296993
1,1,1789523726.709756374,2.817907,6.573133,56.728976,2.25517,2.314614,0.310841
1,1,1789523726.715109348,2.934999,6.456046,56.805104,2.25384,2.312316,0.312435
1,1,1789523726.720028877,3.021857,6.44944,56.681272,2.246064,2.306159,0.310069
1,1,1789523726.725017309,2.936846,6.584131,56.767281,2.242558,2.306613,0.304797
1,1,1789523726.729978323,2.913775,6.612095,56.503802,2.244566,2.31408,0.309559
1,1,1789523726.735131741,2.922584,6.501379,56.865348,2.257185,2.317861,0.309571
1,1,1789523726.739930391,2.877257,6.502504,56.727598,2.255056,2.318359,0.310786
1,1,1789523726.745019436,2.889891,6.59994,56.774679,2.254039,2.319037,0.30466
1,1,1789523726.750013351,3.052657,6.554984,56.55051,2.245881,2.320014,0.310752
1,1,1789523726.755346537,2.942427,6.524233,56.866984,2.249242,2.309657,0.309729
1,1,1789523726.760209084,2.850425,6.518614,56.59861,2.241858,2.297276,0.309318
1,1,1789523726.765016556,2.921915,6.566966,56.777062,2.240249,2.306954,0.311342
1,1,1789523726.770126104,3.093034,6.512321,56.551323,2.245459,2.315151,0.304921
1,1,1789523726.775098562,2.924076,6.537394,56.884588,2.250569,2.314655,0.309532
1,1,1789523726.780018091,2.778789,6.594984,56.703997,2.252215,2.318236,0.313058
1,1,1789523726.784951448,2.866877,6.53833,56.890586,2.256225,2.320189,0.307859
1,1,1789523726.790262699,3.028622,6.464347,56.651525,2.251906,2.317159,0.316027
1,1,1789523726.795798063,2.952146,6.611832,56.84447,2.24802,2.311182,0.300824
1,1,1789523726.800580978,2.879817,6.629138,56.448952,2.2434,2.31277,0.316025
1,1,1789523726.805102587,2.963005,6.505143,56.78486,2.245548,2.309644,0.304864
1,1,1789523726.809791327,2.950334,6.460238,56.706063,2.248733,2.307225,0.307996
1,1,1789523726.814820290,2.96628,6.609986,56.822619,2.247946,2.313049,0.305016
1,1,1789523726.819767237,2.941834,6.623909,56.558359,2.246093,2.318237,0.303059
1,1,1789523726.825400352,2.842696,6.528046,56.851225,2.252806,2.316,0.306067
1,1,1789523726.830003262,2.858332,6.511969,56.700198,2.251081,2.311204,0.316388
1,1,1789523726.834926128,2.932296,6.640556,56.801836,2.243503,2.304517,0.314671
1,1,1789523726.839938879,3.005546,6.569996,56.559876,2.235622,2.30435,0.309063
1,1,1789523726.844715357,2.887043,6.525972,56.820351,2.246175,2.305086,0.303045
1,1,1789523726.849663973,2.845542,6.545123,56.632219,2.243784,2.309054,0.320278
1,1,1789523726.854733467,2.950277,6.539695,56.8427,2.250876,2.312745,0.312346
1,1,1789523726.859777212,3.06941,6.52408,56.908381,2.253546,2.323362,0.301885
1,1,1789523726.864699602,2.974967,6.612553,56.860111,2.255151,2.325043,0.294274
1,1,1789523726.870095015,2.780077,6.578602,56.810027,2.253769,2.316033,0.309213
1,1,1789523726.874700785,2.908506,6.437035,56.852937,2.250542,2.308725,0.313021
1,1,1789523726.879807711,3.09206,6.502946,56.476673,2.241375,2.314478,0.304804
1,1,1789523726.884733915,2.949164,6.650632,56.811476,2.238281,2.31401,0.297749
1,1,1789523726.889940262,2.813204,6.57047,56.545766,2.247996,2.310304,0.318413
1,1,1789523726.895054340,2.92646,6.459881,56.928898,2.25458,2.311741,0.314201
1,1,1789523726.899977922,3.056521,6.523377,56.794575,2.250967,2.322177,0.306444
1,1,1789523726.904968739,2.917871,6.599708,56.796405,2.248476,2.317485,0.30663
1,1,1789523726.910010815,2.854055,6.550462,56.600711,2.25359,2.313246,0.318233
1,1,1789523726.915222883,2.933191,6.501865,56.847253,2.252621,2.308059,0.308876
1,1,1789523726.920011520,2.92558,6.532463,56.759408,2.246545,2.305061,0.311846
1,1,1789523726.924999714,2.89734,6.589921,56.75633,2.242135,2.307149,0.303723
1,1,1789523726.929931879,3.027122,6.570313,56.52812,2.239502,2.316013,0.307818
1,1,1789523726.934968233,2.948941,6.500231,56.842186,2.251941,2.316566,0.306551
1,1,1789523726.939735889,2.857261,6.529852,56.695232,2.254431,2.315478,0.307396
1,1,1789523726.944931507,2.93374,6.552745,56.794695,2.255772,2.320496,0.306007
1,1,1789523726.949918509,3.085935,6.510375,56.564931,2.254469,2.317838,0.307911
1,1,1789523726.956119537,2.921262,6.497256,56.855813,2.258377,2.315317,0.309137
1,1,1789523726.961112022,2.813373,6.517788,56.64254,2.255203,2.311521,0.309011
1,1,1789523726.964981318,2.955822,6.472794,56.784966,2.251922,2.312746,0.311437
1,1,1789523726.970396996,3.052809,6.468832,56.887184,2.254204,2.314565,0.311636
1,1,1789523726.975129128,2.930782,6.564818,56.806265,2.247001,2.316517,0.307103
1,1,1789523726.980051279,2.813903,6.62543,56.696849,2.250893,2.314099,0.307806
1,1,1789523726.985130310,2.965898,6.494134,56.866524,2.249496,2.316357,0.310357
1,1,1789523726.990326166,3.001117,6.448717,56.772045,2.249983,2.311408,0.309115
1,1,1789523726.994865417,2.935327,6.63592,56.747602,2.244729,2.310789,0.304257
1,1,1789523726.999955177,3.000267,6.623669,56.606855,2.240148,2.318753,0.304549
1,1,1789523727.004738569,2.980044,6.440053,56.848281,2.251792,2.316342,0.304776
1,1,1789523727.009851217,2.874626,6.447701,56.679209,2.253122,2.308554,0.314857
1,1,1789523727.014904261,2.864291,6.618299,56.8145,2.254808,2.315667,0.311939
1,1,1789523727.019701719,3.057929,6.545762,56.659403,2.252765,2.322092,0.309147
1,1,1789523727.024950027,2.922776,6.458436,56.89731,2.259423,2.31389,0.305889
1,1,1789523727.029909849,2.832795,6.522611,56.74706,2.252661,2.309179,0.316288
1,1,1789523727.034901142,2.91369,6.575917,56.787374,2.246937,2.310776,0.31228
1,1,1789523727.039903164,3.051236,6.514611,56.578925,2.241374,2.309635,0.310195
1,1,1789523727.044905186,2.952253,6.562251,56.860956,2.248828,2.312009,0.299783
1,1,1789523727.049899817,2.788599,6.630257,56.690378,2.245869,2.307681,0.308962
1,1,1789523727.054891825,2.858812,6.55607,56.825897,2.253056,2.311297,0.313168
1,1,1789523727.060016155,3.059732,6.452987,56.605181,2.249667,2.316557,0.304025
1,1,1789523727.064939499,3.041678,6.596161,56.881879,2.25169,2.320005,0.302048
1,1,1789523727.069936991,2.839204,6.595399,56.652283,2.248214,2.313948,0.309282
1,1,1789523727.074912786,2.831946,6.481385,56.797571,2.255924,2.309827,0.313063
1,1,1789523727.080026627,3.006474,6.391099,56.816223,2.256715,2.312247,0.313977
1,1,1789523727.085319519,3.027867,6.567196,56.786847,2.244586,2.316331,0.306652
1,1,1789523727.090202808,2.91442,6.574351,56.518681,2.250806,2.313752,0.307197
1,1,1789523727.095089436,2.842676,6.495873,56.85042,2.253341,2.313442,0.311498
1,1,1789523727.100043774,2.924322,6.488649,56.781805,2.251045,2.313748,0.321549
1,1,1789523727.104998112,3.015589,6.577143,56.863394,2.24872,2.316599,0.301867
1,1,1789523727.109983921,2.951656,6.633444,56.582231,2.244666,2.314148,0.299939
1,1,1789523727.115071535,2.853698,6.588325,56.79773,2.242184,2.306288,0.306336
1,1,1789523727.120263338,2.874114,6.531356,56.795203,2.241472,2.309542,0.317543
1,1,1789523727.125004530,2.992245,6.526656,56.838379,2.241471,2.309364,0.297218
1,1,1789523727.130016804,2.945019,6.597866,56.591456,2.245459,2.311558,0.305851
1,1,1789523727.135136604,2.917054,6.597573,56.818987,2.247134,2.318231,0.309343
1,1,1789523727.140352726,2.860368,6.517094,56.746138,2.254758,2.315735,0.316444
1,1,1789523727.144883871,2.923133,6.455626,56.859832,2.254505,2.31369,0.31186
1,1,1789523727.149949074,2.977037,6.578678,56.572151,2.248821,2.314126,0.311844
1,1,1789523727.154841423,2.940467,6.603654,56.779638,2.248175,2.312351,0.307256
1,1,1789523727.159882784,2.903825,6.482319,56.717972,2.252561,2.310394,0.315927
1,1,1789523727.164877892,2.961523,6.451115,56.846255,2.253705,2.3173,0.303457
1,1,1789523727.169951916,3.043311,6.560847,56.843933,2.250561,2.320227,0.301798
1,1,1789523727.175331831,2.886921,6.623736,56.804999,2.250392,2.319618,0.306225
1,1,1789523727.179993868,2.828717,6.544414,56.774338,2.256118,2.315005,0.304198
1,1,1789523727.184839010,3.018356,6.472129,56.863091,2.251472,2.318515,0.308486
1,1,1789523727.190062284,3.016121,6.535889,56.737063,2.246155,2.314273,0.304417
1,1,1789523727.195197105,2.818107,6.570215,56.77218,2.246366,2.307111,0.307977
1,1,1789523727.200216055,2.854605,6.585011,56.553863,2.248221,2.305281,0.317014
1,1,1789523727.205055952,3.062384,6.527097,56.853763,2.244207,2.312246,0.313696
1,1,1789523727.210221291,2.948677,6.515326,56.853199,2.25131,2.31525,0.30745
1,1,1789523727.214887857,2.758462,6.560443,56.760822,2.253384,2.309211,0.306771
1,1,1789523727.219949484,2.930807,6.535797,56.614528,2.250838,2.317952,0.321894
1,1,1789523727.224871635,3.091847,6.518504,56.940584,2.252368,2.319672,0.310425
1,1,1789523727.230370283,2.971601,6.515519,56.797837,2.250965,2.313886,0.295453
1,1,1789523727.234720469,2.763679,6.593511,56.775208,2.25124,2.312557,0.304248
1,1,1789523727.239674568,2.929756,6.530964,56.821645,2.2501,2.322048,0.317913
1,1,1789523727.244864941,3.158838,6.491746,56.863958,2.250982,2.318983,0.303042
1,1,1789523727.249737263,2.928079,6.510146,56.702151,2.254487,2.311767,0.293419
1,1,1789523727.254954338,2.788372,6.591686,56.760002,2.253385,2.308473,0.30601
1,1,1789523727.259861946,2.964004,6.480804,56.60701,2.251762,2.320371,0.32972
1,1,1789523727.264971495,3.090723,6.491627,56.90374,2.253043,2.318272,0.31064
1,1,1789523727.270038843,2.90925,6.600735,56.808064,2.248828,2.307247,0.294838
1,1,1789523727.275151730,2.782824,6.59912,56.741231,2.248063,2.302903,0.305309
1,1,1789523727.280049324,2.866076,6.447276,56.787194,2.25279,2.310706,0.324877
1,1,1789523727.285360813,3.090367,6.462679,56.860344,2.246561,2.315403,0.312603
1,1,1789523727.290087938,2.975517,6.65402,56.619308,2.244126,2.313787,0.293648
1,1,1789523727.294982433,2.835301,6.637396,56.771294,2.247251,2.312529,0.301569
1,1,1789523727.300001621,2.85913,6.464115,56.805141,2.253853,2.311975,0.318397
1,1,1789523727.305387259,2.97114,6.455105,56.847264,2.250517,2.316268,0.316197
1,1,1789523727.309937716,3.008734,6.656241,56.622706,2.244104,2.315218,0.296046
1,1,1789523727.314850330,2.931588,6.619836,56.75382,2.249237,2.313329,0.296461
1,1,1789523727.319961786,2.851602,6.430842,56.775686,2.256024,2.313864,0.317737
1,1,1789523727.325143576,2.999836,6.443805,56.827588,2.25666,2.318189,0.315708
1,1,1789523727.329956532,3.020975,6.575827,56.593097,2.249979,2.319777,0.307962
1,1,1789523727.334914446,2.91765,6.567631,56.756012,2.254844,2.31205,0.297935
1,1,1789523727.339926720,2.850179,6.474202,56.783333,2.253136,2.310891,0.316131
1,1,1789523727.344917536,2.873494,6.486275,56.851995,2.251416,2.31069,0.318404
1,1,1789523727.350304365,2.921818,6.607717,56.563876,2.245394,2.310009,0.311903
1,1,1789523727.354982138,2.991551,6.624103,56.787627,2.244991,2.311385,0.300187
1,1,1789523727.360005617,2.951118,6.532519,56.81999,2.247163,2.311484,0.309614
1,1,1789523727.364979506,2.856246,6.48997,56.81789,2.249289,2.310564,0.314337
1,1,1789523727.370025873,2.866826,6.54318,56.628554,2.247267,2.310635,0.311955
1,1,1789523727.374950409,3.047708,6.571726,56.849137,2.248862,2.318288,0.298871
1,1,1789523727.380082130,3.022156,6.542868,56.668459,2.248244,2.317779,0.308553
1,1,1789523727.385088444,2.822154,6.559821,56.833185,2.255501,2.316363,0.312335
1,1,1789523727.390197515,2.8662,6.534471,56.706082,2.250959,2.313983,0.308273
1,1,1789523727.394984722,3.004457,6.521671,56.873518,2.252955,2.318549,0.308929
1,1,1789523727.400085688,3.069107,6.505719,56.710097,2.250528,2.318618,0.305662
1,1,1789523727.405149937,2.876446,6.542433,56.809676,2.256602,2.314984,0.309095
1,1,1789523727.409907818,2.864098,6.531178,56.697785,2.252166,2.310345,0.308519
1,1,1789523727.415053368,2.928914,6.492587,56.845093,2.252751,2.313853,0.314241
1,1,1789523727.420001507,3.084355,6.540575,56.734565,2.249671,2.319473,0.30943
1,1,1789523727.425104618,2.934002,6.590917,56.853077,2.248577,2.315173,0.294824
1,1,1789523727.429889679,2.736298,6.575028,56.745753,2.250533,2.308955,0.308999
1,1,1789523727.434936285,2.874706,6.518284,56.80321,2.246667,2.31156,0.316917
1,1,1789523727.440151453,3.113769,6.503112,56.641765,2.244218,2.314108,0.309278
1,1,1789523727.444972754,3.033285,6.564849,56.829766,2.246472,2.316252,0.298201
1,1,1789523727.449930191,2.774869,6.647373,56.786401,2.250812,2.307593,0.304655
1,1,1789523727.455063581,2.867712,6.463785,56.769002,2.250911,2.308659,0.318777
1,1,1789523727.459855556,3.062972,6.407684,56.826603,2.252801,2.316682,0.309113
1,1,1789523727.464887381,2.960438,6.595253,56.802848,2.248297,2.317305,0.298719
1,1,1789523727.469705582,2.853038,6.644032,56.591926,2.248985,2.315224,0.306199
1,1,1789523727.475330114,2.890121,6.463376,56.845549,2.260554,2.312548,0.314402
1,1,1789523727.480245829,2.981001,6.439215,56.871403,2.254017,2.318279,0.314001
1,1,1789523727.486514091,2.974331,6.604305,56.770956,2.248786,2.316028,0.302009
1,1,1789523727.490426540,2.958714,6.584011,56.589955,2.244468,2.31128,0.304938
1,1,1789523727.495267868,2.915796,6.509691,56.841326,2.245423,2.307947,0.305037
1,1,1789523727.500541210,2.909085,6.502945,56.825656,2.245261,2.309867,0.319368
1,1,1789523727.505649328,2.889728,6.628272,56.844713,2.246287,2.315352,0.301338
1,1,1789523727.510211468,2.962373,6.580958,56.66503,2.251191,2.319083,0.306163
1,1,1789523727.514990091,3.014807,6.562389,56.868258,2.251933,2.318267,0.305266
1,1,1789523727.520054817,2.895238,6.550346,56.777336,2.248015,2.312533,0.312102
1,1,1789523727.525260687,2.829791,6.530953,56.802608,2.249953,2.305779,0.309641
1,1,1789523727.530045271,3.014393,6.523109,56.603518,2.244561,2.311015,0.308061
1,1,1789523727.534683704,3.021913,6.527964,56.833914,2.249175,2.31338,0.306819
1,1,1789523727.540123463,2.853533,6.559276,56.852723,2.252836,2.312374,0.306482
1,1,1789523727.545031309,2.813353,6.543389,56.786722,2.252566,2.312966,0.306027
1,1,1789523727.550550699,2.998382,6.50921,56.857675,2.251716,2.319627,0.310935
1,1,1789523727.554949522,3.077536,6.550334,56.849201,2.248624,2.32,0.305329
1,1,1789523727.560111284,2.885471,6.595242,56.69556,2.250058,2.312929,0.300981
1,1,1789523727.565045357,2.795621,6.540158,56.765177,2.249271,2.305632,0.309413
1,1,1789523727.569988489,2.955618,6.454797,56.805064,2.251175,2.309647,0.312171
1,1,1789523727.575030088,3.087067,6.499357,56.852299,2.248725,2.319859,0.307615
1,1,1789523727.580098391,2.897907,6.597621,56.685178,2.2501,2.316697,0.300696
1,1,1789523727.585196972,2.862199,6.565804,56.792189,2.2533,2.316753,0.309937
1,1,1789523727.590163708,2.969696,6.438476,56.860821,2.254355,2.319833,0.313329
1,1,1789523727.594963551,2.976682,6.457873,56.811794,2.254475,2.318771,0.305386
1,1,1789523727.600216389,2.896775,6.563008,56.664645,2.252515,2.316339,0.311707
1,1,1789523727.604692459,2.922761,6.599327,56.800942,2.251994,2.315682,0.309348
1,1,1789523727.609957695,2.988263,6.505607,56.770661,2.246788,2.30941,0.307719
1,1,1789523727.614715576,2.883155,6.517249,56.796429,2.247615,2.311248,0.306366
1,1,1789523727.619995356,2.920111,6.571185,56.658773,2.245562,2.316949,0.308014
1,1,1789523727.625987768,3.031732,6.56627,56.836106,2.249745,2.321769,0.30291
1,1,1789523727.629935503,2.971472,6.493743,56.825949,2.256272,2.31681,0.302035
1,1,1789523727.634739876,2.802312,6.572716,56.856219,2.254869,2.314053,0.308813
1,1,1789523727.639957905,2.889816,6.612733,56.794901,2.2485,2.317151,0.311598
1,1,1789523727.644815445,3.037575,6.526083,56.803404,2.247173,2.315257,0.305381
1,1,1789523727.650015116,2.95571,6.532043,56.768213,2.245846,2.307361,0.305735
1,1,1789523727.654894352,2.841217,6.571073,56.759143,2.243734,2.303622,0.311278
1,1,1789523727.659892321,2.905216,6.5139,56.775238,2.24551,2.304799,0.316181
1,1,1789523727.665100336,2.993097,6.454512,56.829426,2.251111,2.315432,0.310536
1,1,1789523727.669805050,2.970893,6.600981,56.687008,2.252267,2.318463,0.308183
1,1,1789523727.675077200,2.865446,6.650248,56.825269,2.252663,2.318425,0.300906
1,1,1789523727.679979801,2.877344,6.425075,56.897819,2.257793,2.314443,0.306448
1,1,1789523727.684994698,2.979711,6.430329,56.886895,2.256733,2.320718,0.312247
1,1,1789523727.690013409,2.98666,6.593949,56.605132,2.247564,2.317436,0.303314
1,1,1789523727.695027351,2.946246,6.609328,56.801488,2.246374,2.315554,0.303656
1,1,1789523727.699904919,2.95264,6.44312,56.845925,2.251577,2.312701,0.308872
1,1,1789523727.704774380,2.969448,6.445361,56.771652,2.25224,2.312684,0.30896
1,1,1789523727.706157684,2.95264,6.44312,56.845925,2.251577,2.312701,0.308872
1,1,1789523727.708129168,2.974579,6.5057,56.928059,2.248754,2.31044,0.307305
1,1,1789523727.710249901,2.95264,6.44312,56.845925,2.251577,2.312701,0.308872
1,1,1789523727.712703228,2.963486,6.514828,56.818299,2.252871,2.316886,0.315218
1,1,1789523727.715256214,2.95264,6.44312,56.845925,2.251577,2.312701,0.308872
1,1,1789523727.717982531,2.907115,6.597142,56.807753,2.246488,2.313683,0.307573
1,1,1789523727.720345020,2.95264,6.44312,56.845925,2.251577,2.312701,0.308872
1,1,1789523727.722893715,2.958937,6.618578,56.947777,2.246585,2.320438,0.296411
1,1,1789523727.725363255,2.95264,6.44312,56.845925,2.251577,2.312701,0.308872
1,1,1789523727.727998018,2.852718,6.57801,56.798794,2.252294,2.307794,0.301026
1,1,1789523727.730123043,2.95264,6.44312,56.845925,2.251577,2.312701,0.308872
1,1,1789523727.732872009,2.926026,6.491453,56.728167,2.257949,2.322074,0.305551
1,1,1789523727.734821558,2.95264,6.44312,56.845925,2.251577,2.312701,0.308872
1,1,1789523727.737794161,2.904563,6.537089,56.706475,2.248347,2.316017,0.314896
1,1,1789523727.739901543,2.95264,6.44312,56.845925,2.251577,2.312701,0.308872
1,1,1789523727.742964983,2.956668,6.527966,56.942537,2.25643,2.317056,0.305105
1,1,1789523727.744828463,2.95264,6.44312,56.845925,2.251577,2.312701,0.308872
1,1,1789523727.747773170,2.909073,6.560743,56.816684,2.24984,2.311295,0.307208
1,1,1789523727.749981165,2.95264,6.44312,56.845925,2.251577,2.312701,0.308872
1,1,1789523727.753165483,2.880021,6.532621,56.776787,2.251185,2.310139,0.31151
1,1,1789523727.755126238,2.95264,6.44312,56.845925,2.251577,2.312701,0.308872
1,1,1789523727.758711576,2.913229,6.513642,56.734815,2.25039,2.317359,0.309348
1,1,1789523727.760134697,2.95264,6.44312,56.845925,2.251577,2.312701,0.308872
1,1,1789523727.762622356,2.961215,6.575204,56.795307,2.241656,2.307176,0.305017
1,1,1789523727.765083790,2.95264,6.44312,56.845925,2.251577,2.312701,0.308872
1,1,1789523727.767913103,3.069783,6.539507,56.792518,2.245465,2.311931,0.303952
1,1,1789523727.770638704,2.95264,6.44312,56.845925,2.251577,2.312701,0.308872
1,1,1789523727.772922039,3.032707,6.532134,56.990461,2.240521,2.311128,0.305632
1,1,1789523727.775241375,2.95264,6.44312,56.845925,2.251577,2.312701,0.308872
1,1,1789523727.777830124,2.949861,6.528133,56.824303,2.24579,2.314126,0.306691
1,1,1789523727.780088425,2.95264,6.44312,56.845925,2.251577,2.312701,0.308872
1,1,1789523727.782833099,2.797261,6.479379,56.801058,2.253058,2.306464,0.302825
1,1,1789523727.784836292,2.95264,6.44312,56.845925,2.251577,2.312701,0.308872
1,1,1789523727.787603378,2.780468,6.504146,56.66495,2.255928,2.308449,0.305106
1,1,1789523727.790016174,2.95264,6.44312,56.845925,2.251577,2.312701,0.308872
1,1,1789523727.792576551,2.881004,6.564867,56.937761,2.253896,2.32111,0.3083
1,1,1789523727.794733286,2.95264,6.44312,56.845925,2.251577,2.312701,0.308872
1,1,1789523727.797708988,2.993425,6.627988,56.75183,2.243465,2.31955,0.314195
1,1,1789523727.799959660,2.95264,6.44312,56.845925,2.251577,2.312701,0.308872
1,1,1789523727.802870274,3.083915,6.553601,56.856787,2.254183,2.322961,0.304446
1,1,1789523727.805012703,2.95264,6.44312,56.845925,2.251577,2.312701,0.308872
1,1,1789523727.807980537,3.012867,6.60222,57.012651,2.250606,2.319578,0.296227
1,1,1789523727.810299158,2.95264,6.44312,56.845925,2.251577,2.312701,0.308872
1,1,1789523727.812671661,2.916009,6.503917,56.826573,2.258536,2.313223,0.307989
1,1,1789523727.814989805,2.95264,6.44312,56.845925,2.251577,2.312701,0.308872
1,1,1789523727.817857981,2.868039,6.527424,56.808236,2.254329,2.310799,0.307789
1,1,1789523727.819809437,2.95264,6.44312,56.845925,2.251577,2.312701,0.308872
1,1,1789523727.822882652,2.873374,6.559764,56.959782,2.248256,2.30712,0.309063
1,1,1789523727.824998617,2.95264,6.44312,56.845925,2.251577,2.312701,0.308872
1,1,1789523727.827589035,2.954117,6.532232,56.765368,2.249404,2.313763,0.316704
1,1,1789523727.830009937,2.95264,6.44312,56.845925,2.251577,2.312701,0.308872
1,1,1789523727.832824469,3.031995,6.557224,56.697266,2.239478,2.311627,0.314589
1,1,1789523727.834697008,2.95264,6.44312,56.845925,2.251577,2.312701,0.308872
1,1,1789523727.837925673,3.012658,6.455171,56.609709,2.247496,2.303402,0.311569
1,1,1789523727.839773655,2.95264,6.44312,56.845925,2.251577,2.312701,0.308872
1,1,1789523727.842672110,2.982119,6.528119,56.872637,2.246702,2.312159,0.295509
1,1,1789523727.844847679,2.95264,6.44312,56.845925,2.251577,2.312701,0.308872
1,1,1789523727.847685337,2.904448,6.598315,56.686513,2.243622,2.309938,0.300905
1,1,1789523727.850011349,2.95264,6.44312,56.845925,2.251577,2.312701,0.308872
1,1,1789523727.852886438,2.86954,6.621477,56.791515,2.24713,2.311949,0.302675
1,1,1789523727.855056286,2.95264,6.44312,56.845925,2.251577,2.312701,0.308872
1,1,1789523727.859719992,2.836426,6.55656,56.935521,2.25312,2.312911,0.312014
1,1,1789523727.861179352,2.95264,6.44312,56.845925,2.251577,2.312701,0.308872
1,1,1789523727.862841368,2.864795,6.499402,56.829903,2.255975,2.321729,0.317224
1,1,1789523727.865027905,2.95264,6.44312,56.845925,2.251577,2.312701,0.308872
1,1,1789523727.867876053,2.959473,6.496683,56.877179,2.254418,2.319603,0.311515
1,1,1789523727.870199442,2.95264,6.44312,56.845925,2.251577,2.312701,0.308872
1,1,1789523727.872918367,3.010605,6.509509,57.041079,2.257181,2.316593,0.302708
1,1,1789523727.875241280,2.95264,6.44312,56.845925,2.251577,2.312701,0.308872
1,1,1789523727.877843142,3.030428,6.594149,56.879335,2.252651,2.323036,0.300713
1,1,1789523727.879837513,2.95264,6.44312,56.845925,2.251577,2.312701,0.308872
1,1,1789523727.882740021,2.959271,6.617686,56.733305,2.247172,2.314482,0.30757
1,1,1789523727.884662867,2.95264,6.44312,56.845925,2.251577,2.312701,0.308872
1,1,1789523727.887787580,2.921626,6.554297,56.739362,2.250639,2.310851,0.305295
1,1,1789523727.889881611,2.95264,6.44312,56.845925,2.251577,2.312701,0.308872
1,1,1789523727.892852545,2.850068,6.500093,56.846975,2.248556,2.305012,0.308352
1,1,1789523727.894897699,2.95264,6.44312,56.845925,2.251577,2.312701,0.308872
1,1,1789523727.898164988,2.847725,6.4435,56.652291,2.245625,2.301618,0.320915
1,1,1789523727.900848389,2.95264,6.44312,56.845925,2.251577,2.312701,0.308872
1,1,1789523727.903674364,2.947209,6.452484,56.787982,2.247597,2.31188,0.313476
1,1,1789523727.905211449,2.95264,6.44312,56.845925,2.251577,2.312701,0.308872
1,1,1789523727.909066200,3.027799,6.571642,56.888559,2.239844,2.316521,0.306315
1,1,1789523727.910084963,2.95264,6.44312,56.845925,2.251577,2.312701,0.308872
1,1,1789523727.913230181,3.019044,6.636532,56.823953,2.241991,2.31222,0.299702
1,1,1789523727.915023327,2.95264,6.44312,56.845925,2.251577,2.312701,0.308872
1,1,1789523727.918733835,3.006163,6.577632,56.770921,2.251358,2.319058,0.296376
1,1,1789523727.919548273,2.95264,6.44312,56.845925,2.251577,2.312701,0.308872
1,1,1789523727.922173977,2.859908,6.581106,56.917613,2.247199,2.312431,0.300227
1,1,1789523727.925555944,2.95264,6.44312,56.845925,2.251577,2.312701,0.308872
1,1,1789523727.927304506,2.827978,6.480144,56.823658,2.26014,2.317497,0.306595
1,1,1789523727.929489136,2.95264,6.44312,56.845925,2.251577,2.312701,0.308872
1,1,1789523727.932240725,2.878788,6.476593,56.81628,2.256061,2.317784,0.314087
1,1,1789523727.934431076,2.95264,6.44312,56.845925,2.251577,2.312701,0.308872
1,1,1789523727.937251091,2.986566,6.494765,56.57283,2.250435,2.318613,0.319304
1,1,1789523727.939427376,2.95264,6.44312,56.845925,2.251577,2.312701,0.308872
1,1,1789523727.942221880,3.067776,6.52506,56.840459,2.251619,2.320438,0.305827
1,1,1789523727.944424391,2.95264,6.44312,56.845925,2.251577,2.312701,0.308872
1,1,1789523727.947095394,3.003258,6.585786,56.685135,2.24507,2.313221,0.300499
1,1,1789523727.949463844,2.95264,6.44312,56.845925,2.251577,2.312701,0.308872
1,1,1789523727.952079535,2.966375,6.531753,56.786928,2.251357,2.315824,0.294524
1,1,1789523727.954458714,2.95264,6.44312,56.845925,2.251577,2.312701,0.308872
1,1,1789523727.957329750,2.891052,6.565979,56.84086,2.241919,2.306773,0.304332
1,1,1789523727.959963083,2.95264,6.44312,56.845925,2.251577,2.312701,0.308872
1,1,1789523727.962666035,2.907755,6.5263,56.779286,2.246128,2.307869,0.313018
1,1,1789523727.964594364,2.95264,6.44312,56.845925,2.251577,2.312701,0.308872
1,1,1789523727.969088316,2.9161,6.525503,56.802979,2.246092,2.306589,0.31013
1,1,1789523727.970081568,2.95264,6.44312,56.845925,2.251577,2.312701,0.308872
1,1,1789523727.972227573,2.903723,6.483208,56.975802,2.248695,2.308556,0.314041
1,1,1789523727.975804090,2.95264,6.44312,56.845925,2.251577,2.312701,0.308872
1,1,1789523727.977143288,2.890969,6.532592,56.857064,2.248595,2.314326,0.309773
1,1,1789523727.980093718,2.95264,6.44312,56.845925,2.251577,2.312701,0.308872
1,1,1789523727.982248545,2.931933,6.559351,56.750286,2.251054,2.311517,0.306406
1,1,1789523727.985550404,2.95264,6.44312,56.845925,2.251577,2.312701,0.308872
1,1,1789523727.987312317,2.943884,6.56369,56.648185,2.255986,2.315459,0.306914
1,1,1789523727.989689350,2.95264,6.44312,56.845925,2.251577,2.312701,0.308872
1,1,1789523727.992262602,2.966447,6.623149,56.946554,2.251185,2.322047,0.30179
1,1,1789523727.994397879,2.95264,6.44312,56.845925,2.251577,2.312701,0.308872
1,1,1789523727.997260809,2.913709,6.532629,56.771125,2.250817,2.319484,0.314973
1,1,1789523727.999213457,2.95264,6.44312,56.845925,2.251577,2.312701,0.308872
1,1,1789523728.002823114,2.870952,6.496507,56.871745,2.257796,2.310182,0.312865
1,1,1789523728.004314423,2.95264,6.44312,56.845925,2.251577,2.312701,0.308872
1,1,1789523728.007297516,2.866141,6.45819,56.934188,2.257938,2.317218,0.306022
1,1,1789523728.009283543,2.95264,6.44312,56.845925,2.251577,2.312701,0.308872
1,1,1789523728.012194872,2.872323,6.562638,56.797476,2.246716,2.308797,0.31262
1,1,1789523728.014431238,2.95264,6.44312,56.845925,2.251577,2.312701,0.308872
1,1,1789523728.017267704,2.960686,6.535381,56.767196,2.252397,2.316057,0.305939
1,1,1789523728.019580364,2.95264,6.44312,56.845925,2.251577,2.312701,0.308872
1,1,1789523728.022278070,3.036968,6.638274,57.001167,2.241341,2.313264,0.300135
1,1,1789523728.025151253,2.95264,6.44312,56.845925,2.251577,2.312701,0.308872
1,1,1789523728.027248144,3.009863,6.595539,56.806214,2.244307,2.313965,0.300641
1,1,1789523728.029486179,2.95264,6.44312,56.845925,2.251577,2.312701,0.308872
1,1,1789523728.032294750,2.959404,6.560407,56.749594,2.242648,2.313541,0.300237
1,1,1789523728.034519434,2.95264,6.44312,56.845925,2.251577,2.312701,0.308872
1,1,1789523728.038289309,2.828981,6.538422,56.686192,2.243022,2.301425,0.306085
1,1,1789523728.039738894,2.95264,6.44312,56.845925,2.251577,2.312701,0.308872
1,1,1789523728.043202162,2.839206,6.46276,56.797273,2.25453,2.310661,0.307005
1,1,1789523728.044516087,2.95264,6.44312,56.845925,2.251577,2.312701,0.308872
1,1,1789523728.047212601,2.880893,6.563133,56.714461,2.244136,2.310826,0.313354
1,1,1789523728.049478769,2.95264,6.44312,56.845925,2.251577,2.312701,0.308872
1,1,1789523728.052284956,3.001824,6.495676,56.84365,2.25626,2.323073,0.308244
1,1,1789523728.054423571,2.95264,6.44312,56.845925,2.251577,2.312701,0.308872
1,1,1789523728.057317972,3.021246,6.5777,56.964757,2.249373,2.319407,0.301543
1,1,1789523728.059302807,2.95264,6.44312,56.845925,2.251577,2.312701,0.308872
1,1,1789523728.062270403,3.02555,6.545226,56.872443,2.255409,2.32174,0.30236
1,1,1789523728.064293861,2.95264,6.44312,56.845925,2.251577,2.312701,0.308872
1,1,1789523728.067286015,2.90018,6.564805,56.822949,2.254174,2.317931,0.305876
1,1,1789523728.069226980,2.95264,6.44312,56.845925,2.251577,2.312701,0.308872
1,1,1789523728.072247267,2.866575,6.563397,56.813923,2.2529,2.314618,0.311765
1,1,1789523728.074291229,2.95264,6.44312,56.845925,2.251577,2.312701,0.308872
1,1,1789523728.077334881,2.861364,6.55534,56.800632,2.254344,2.313843,0.309088
1,1,1789523728.079510689,2.95264,6.44312,56.845925,2.251577,2.312701,0.308872
1,1,1789523728.082331657,2.90185,6.50989,56.789077,2.250934,2.309483,0.313531
1,1,1789523728.084571123,2.95264,6.44312,56.845925,2.251577,2.312701,0.308872
1,1,1789523728.087085009,2.94946,6.455841,56.390599,2.25023,2.309551,0.327047
1,1,1789523728.089459896,2.95264,6.44312,56.845925,2.251577,2.312701,0.308872
1,1,1789523728.092087746,3.014655,6.51945,56.856645,2.243184,2.314304,0.309747
1,1,1789523728.094351768,2.95264,6.44312,56.845925,2.251577,2.312701,0.308872
1,1,1789523728.097099781,2.961644,6.547061,56.762989,2.248743,2.304591,0.307973
1,1,1789523728.099317551,2.95264,6.44312,56.845925,2.251577,2.312701,0.308872
1,1,1789523728.102249622,2.973029,6.589298,56.80044,2.243917,2.313886,0.302948
1,1,1789523728.104540586,2.95264,6.44312,56.845925,2.251577,2.312701,0.308872
1,1,1789523728.107372046,2.863536,6.59833,56.883633,2.242716,2.308788,0.307989
1,1,1789523728.109365463,2.95264,6.44312,56.845925,2.251577,2.312701,0.308872
1,1,1789523728.112079620,2.855767,6.52132,56.802131,2.253261,2.315687,0.310467
1,1,1789523728.114317417,2.95264,6.44312,56.845925,2.251577,2.312701,0.308872
1,1,1789523728.117065907,2.826153,6.520003,56.888419,2.251973,2.308619,0.31135
1,1,1789523728.119429588,2.95264,6.44312,56.845925,2.251577,2.312701,0.308872
1,1,1789523728.122257948,2.917203,6.47775,56.995421,2.256651,2.317648,0.309568
1,1,1789523728.124822378,2.95264,6.44312,56.845925,2.251577,2.312701,0.308872
1,1,1789523728.127162933,2.974167,6.555835,56.862587,2.254772,2.318262,0.3076
1,1,1789523728.129309654,2.95264,6.44312,56.845925,2.251577,2.312701,0.308872
1,1,1789523728.132270336,3.061306,6.615036,56.748045,2.247244,2.322293,0.306017
1,1,1789523728.134320021,2.95264,6.44312,56.845925,2.251577,2.312701,0.308872
1,1,1789523728.137146711,3.020531,6.600516,56.593091,2.250245,2.322911,0.302093
1,1,1789523728.139490843,2.95264,6.44312,56.845925,2.251577,2.312701,0.308872
1,1,1789523728.142127275,2.951052,6.619406,56.918088,2.249195,2.317301,0.294846
