time_s,x,y,z,rx,ry,rz,vx,vy,vz,wx,wy,wz
-0.2642367869998452,0.6528401225098897,-0.26818095302922396,0.31481472546459904,1.9464350796138015,-2.381365675347958,0.037263523814683744,0.0,0.0,0.0,0.0,0.0,0.0
-0.25624469100011993,0.6528364904500815,-0.2682149003473008,0.31481728060629643,1.946372104197847,-2.381405314098748,0.0372738286809958,0.0,0.0,0.0,0.0,0.0,0.0
-0.24816482100004578,0.65285657152704,-0.2682002829010145,0.31482440255622635,1.946424787347414,-2.3813842017694467,0.037275779873276106,0.0,0.0,0.0,0.0,0.0,0.0
-0.2401917020001747,0.6528342496672754,-0.2681916574023215,0.3148231096712176,1.9464229365647765,-2.381350657203209,0.03731274156757467,0.0,0.0,0.0,0.0,0.0,0.0
-0.23216939699977956,0.6528319890452445,-0.2682213619684664,0.3148450256389586,1.9464137966024753,-2.381432527539405,0.03732756159092571,0.0,0.0,0.0,0.0,0.0,0.0
-0.22415440599979775,0.6528403313660016,-0.2681704929023514,0.3148294627995535,1.946445477420557,-2.3814116416349287,0.03728241095891982,0.0,0.0,0.0,0.0,0.0,0.0
-0.21612459100015258,0.6528321839159767,-0.26822364714836916,0.3148134025079127,1.9464052850378988,-2.3813250118667293,0.03722779178353199,0.0,0.0,0.0,0.0,0.0,0.0
-0.20826120999981867,0.6528558910189816,-0.2681833235586835,0.3148136903861247,1.946420893037974,-2.3813779368090784,0.037264601682832486,0.0,0.0,0.0,0.0,0.0,0.0
-0.20020177500009595,0.6528276210846167,-0.26820198785441307,0.3148029251667808,1.9463891929704413,-2.3813953630744673,0.037196210724679483,0.0,0.0,0.0,0.0,0.0,0.0
-0.19226693000018713,0.6528419712837307,-0.26818949170391126,0.3148335527954725,1.9464726111213562,-2.381354979848344,0.0372889528680391,0.0,0.0,0.0,0.0,0.0,0.0
-0.1842553480000788,0.6528485339150145,-0.2681811018282647,0.3148239591931576,1.946520374456627,-2.3813269471080876,0.037275528072141136,0.0,0.0,0.0,0.0,0.0,0.0
-0.17618417799985764,0.6528255072625013,-0.26821325444083055,0.31485310845720094,1.946366979755111,-2.381430286570326,0.03730240435991947,0.0,0.0,0.0,0.0,0.0,0.0
-0.16815484500011735,0.6528508741813165,-0.2681814709634995,0.314810374729239,1.9464174321362238,-2.3813720376447316,0.037225055020101074,0.0,0.0,0.0,0.0,0.0,0.0
-0.16014445800010435,0.6528292689269626,-0.26821160539888017,0.31482187945007356,1.9463925608731076,-2.381400975138253,0.037234563048389346,0.0,0.0,0.0,0.0,0.0,0.0
-0.1521499989999029,0.6528297418842919,-0.26821498025977786,0.3148260412207502,1.9464080669310613,-2.381393960201487,0.037325349693929755,0.0,0.0,0.0,0.0,0.0,0.0
-0.14415972100005092,0.6528379978084821,-0.2681974942523543,0.3147983824904704,1.9464110546328834,-2.3813645319243766,0.03723432585162373,0.0,0.0,0.0,0.0,0.0,0.0
-0.13615818800008128,0.6528512136545626,-0.26819199179118297,0.3148361644244238,1.9464245483020624,-2.3813832758479374,0.037302978809361724,0.0,0.0,0.0,0.0,0.0,0.0
-0.1281262699999388,0.6528345235025684,-0.26820411900104163,0.31481912076481433,1.9463870790335918,-2.381425868691542,0.03726315155024165,0.0,0.0,0.0,0.0,0.0,0.0
-0.1200953219999974,0.6528334285388867,-0.26819458631619975,0.3148514883164747,1.946416467594461,-2.3814350450892885,0.03728052082559757,0.0,0.0,0.0,0.0,0.0,0.0
-0.1121263589998307,0.6528490973290807,-0.2681991518359835,0.31483468605767817,1.9464337493970083,-2.3813971058123222,0.03730315191564559,0.0,0.0,0.0,0.0,0.0,0.0
-0.10416831400016235,0.6528540447247718,-0.2681946143718929,0.31483208393485806,1.9463984398140162,-2.381412259416655,0.037369661526029295,0.0,0.0,0.0,0.0,0.0,0.0
-0.09616501399978006,0.6528489514689813,-0.26820133913994115,0.31481918891711236,1.946422689126202,-2.381383014407816,0.037327635045228645,0.0,0.0,0.0,0.0,0.0,0.0
-0.0881712499999594,0.652841335240788,-0.26819383099148114,0.3148338365007061,1.9464362620105657,-2.3813385901399875,0.037338564023302684,0.0,0.0,0.0,0.0,0.0,0.0
-0.08012460500003726,0.6528540262259929,-0.2681654152455574,0.31480412890628345,1.9464175620332393,-2.3813722204871173,0.037226938576409345,0.0,0.0,0.0,0.0,0.0,0.0
-0.07211721700014095,0.6528385301238822,-0.2682163177697236,0.31480917993820323,1.9463903301008831,-2.381368372645212,0.037271187662809444,0.0,0.0,0.0,0.0,0.0,0.0
-0.06409936699992613,0.6528285246275087,-0.2682252954436193,0.3148126550404212,1.9463792859186884,-2.3813534613974747,0.037293953728209976,0.0,0.0,0.0,0.0,0.0,0.0
-0.05612425600020288,0.6528420353556316,-0.26822176485525956,0.31481080453446864,1.9464059234564588,-2.3814205986727464,0.03727479131591475,0.0,0.0,0.0,0.0,0.0,0.0
-0.04812152500016964,0.6528378581225109,-0.26818997730490024,0.3148133325862328,1.9464055543055485,-2.3813887896191384,0.03728998563057172,0.0,0.0,0.0,0.0,0.0,0.0
-0.040151266000066244,0.6528381933442353,-0.2681933710488795,0.3148222340484593,1.946394420144978,-2.381342321467221,0.037298249572662624,0.0,0.0,0.0,0.0,0.0,0.0
-0.03216626599987649,0.6528520240401132,-0.26818605792653316,0.31482889523175905,1.946432090352824,-2.3813638724439605,0.037341200713584745,0.0,0.0,0.0,0.0,0.0,0.0
-0.02402223699982642,0.6528366135194413,-0.2681961610466916,0.3148258285004967,1.9464389916348122,-2.3814039266008544,0.03729041658766895,0.0,0.0,0.0,0.0,0.0,0.0
-0.016058061999956408,0.6528259675112704,-0.26819455773920836,0.31484620332312824,1.9464483567781348,-2.3814172907474895,0.037318907469631075,0.0,0.0,0.0,0.0,0.0,0.0
-0.008130875000006199,0.6528393505150106,-0.2681841712462919,0.31483033457308074,1.9464469038101992,-2.381320936841618,0.03729907617026207,0.0,0.0,0.0,0.0,0.0,0.0
0.00022096300017437898,0.6528343994092028,-0.2682052168894997,0.3148349602682023,1.9463964175759423,-2.3814072886026834,0.037275890307435465,0.0,0.0,0.0,0.0,0.0,0.0
0.007927150999876176,0.6528545103805875,-0.2681842397965191,0.3148308077597257,1.946439524121322,-2.3813406296532564,0.03726198951307099,0.0,0.0,0.0,0.0,0.0,0.0
0.015865322000081505,0.6528300281926774,-0.2681951805746599,0.314845313177205,1.9464818623769204,-2.3813687127180025,0.03728919039539026,0.0,0.0,0.0,0.0,0.0,0.0
0.02386883500003023,0.6528405340114156,-0.2682000806324002,0.314809698177639,1.9464276303831842,-2.3813580836231654,0.03729919759728036,0.0,0.0,0.0,0.0,0.0,0.0
0.03194408499985002,0.6528472640515143,-0.26818916865936204,0.3148367831752814,1.9465009799324011,-2.3813630756102633,0.03730285250173659,0.0,0.0,0.0,0.0,0.0,0.0
0.039882485999896744,0.6528459995896464,-0.2681840604209048,0.31482693057253,1.9464099636065453,-2.3813636755745433,0.03728916227332872,0.0,0.0,0.0,0.0,0.0,0.0
0.04783897000015713,0.652828950830249,-0.26821377503506433,0.3148220212502302,1.9464100788888206,-2.3813631594731444,0.037257839102541525,0.0,0.0,0.0,0.0,0.0,0.0
0.055871464000119886,0.6528429445504982,-0.26819822002477106,0.31482256632802075,1.9464336752457105,-2.3813971416618824,0.037303174368556465,0.0,0.0,0.0,0.0,0.0,0.0
0.06385692200001358,0.6528328114125891,-0.2681944839891393,0.3148212913657226,1.9464401676879126,-2.3814047870541017,0.0372650697743509,0.0,0.0,0.0,0.0,0.0,0.0
0.07189818300003026,0.6528450476430927,-0.26818995756591996,0.314839612678847,1.9464441516102529,-2.3813786121402076,0.03729016235769107,0.0,0.0,0.0,0.0,0.0,0.0
0.07991594900022392,0.6528275551156603,-0.26820311038982186,0.3148134644768893,1.9463987659374575,-2.381345606752648,0.03716682138718953,0.0,0.0,0.0,0.0,0.0,0.0
0.08794716500005961,0.6528520319649439,-0.26819958106880404,0.3148461590890104,1.9464470200132094,-2.3814162700620733,0.03734358503732015,0.0,0.0,0.0,0.0,0.0,0.0
0.09584477499993227,0.6528431460235735,-0.26819187811990436,0.3147956530073902,1.9464525147963234,-2.3813280203863956,0.0372860862985437,0.0,0.0,0.0,0.0,0.0,0.0
0.10380537199989703,0.6528529651885121,-0.26818664464876263,0.3148397565043715,1.946498301763952,-2.3814214987917897,0.037294680968892706,0.0,0.0,0.0,0.0,0.0,0.0
0.11185945599982006,0.6528223772524268,-0.268198480978634,0.3148292013487961,1.946427673485545,-2.3813259248503935,0.03728361905285484,0.0,0.0,0.0,0.0,0.0,0.0
0.1198688790000233,0.6528471565789763,-0.2681748605397831,0.3148350311748831,1.9464912262224625,-2.3813184059153514,0.0372887556577348,0.0,0.0,0.0,0.0,0.0,0.0
0.12791292900010376,0.6528412836217646,-0.2682084693902605,0.31484581442574283,1.9464040757705727,-2.3813878786457567,0.037313415676420415,0.0,0.0,0.0,0.0,0.0,0.0
0.13590199700001904,0.65284175290839,-0.26819169196350134,0.3148283380704848,1.946405615905737,-2.3813567290101463,0.03727428646041888,0.0,0.0,0.0,0.0,0.0,0.0
0.14388478999990184,0.6528415636117085,-0.26819913618662444,0.3148396835855431,1.9464238095682262,-2.3813834843920882,0.03730178265811876,0.0,0.0,0.0,0.0,0.0,0.0
0.1518289199998435,0.6528348857525015,-0.26820034329998343,0.31482757591282406,1.9463839011522284,-2.38139248457058,0.03732643175674323,0.0,0.0,0.0,0.0,0.0,0.0
0.15980765899985272,0.6528376941116993,-0.26820348255736753,0.3148462350022544,1.9464490614570342,-2.3814174633810916,0.03729116346429958,0.0,0.0,0.0,0.0,0.0,0.0
0.16788959099994827,0.6528343234968819,-0.26820853112546,0.3147985952493055,1.946422909222915,-2.3813194206697954,0.03726864064285837,0.0,0.0,0.0,0.0,0.0,0.0
0.1759111110000049,0.6528531175343737,-0.26820310204482467,0.31481319876357916,1.9464515798676494,-2.3812964622756136,0.03726911634801032,0.0,0.0,0.0,0.0,0.0,0.0
0.18396517300016058,0.6528576127275992,-0.2681869105256175,0.3148057314809562,1.9464284213757173,-2.381326594907177,0.03728644731884791,0.0,0.0,0.0,0.0,0.0,0.0
0.19188109800006714,0.652837316720336,-0.26820676764570933,0.314841091058244,1.9464050724327342,-2.381388479924767,0.037287523411136385,0.0,0.0,0.0,0.0,0.0,0.0
0.19982745100014654,0.6528395022811381,-0.26818309342309044,0.3148460885482033,1.9464811496437808,-2.381304554224741,0.037286166187071014,0.0,0.0,0.0,0.0,0.0,0.0
0.20785972800013042,0.6528448581986301,-0.26819740180282425,0.31485095840563637,1.9464197413002795,-2.3814407247400036,0.037319484291208606,0.0,0.0,0.0,0.0,0.0,0.0
0.2158303729997897,0.6528500776638386,-0.2681929127069635,0.3148273605533812,1.9464420407398837,-2.3813775023664867,0.03734194404094826,0.0,0.0,0.0,0.0,0.0,0.0
0.22383794600000329,0.6528388815905176,-0.26818792333386376,0.3148430608700142,1.9464355402365037,-2.3813973642064115,0.03727855446427349,0.0,0.0,0.0,0.0,0.0,0.0
0.23186414900010277,0.652835362825618,-0.2681970888390236,0.31482736315346255,1.9464288672464056,-2.3813900839801048,0.03728846438707154,0.0,0.0,0.0,0.0,0.0,0.0
0.23983173599981455,0.6528438521884554,-0.2681919939042739,0.3148255230872164,1.9464427425378168,-2.381346313104292,0.037300386427469814,0.0,0.0,0.0,0.0,0.0,0.0
0.24783554799978447,0.6528550046986591,-0.26820224035083906,0.31483666550031597,1.9464220670692978,-2.381414128946386,0.03736920728240691,0.0,0.0,0.0,0.0,0.0,0.0
0.2558335819999229,0.6528468996716283,-0.26819355619912827,0.31481607127258276,1.9463944276856273,-2.3813743844163784,0.0373138892894826,0.0,0.0,0.0,0.0,0.0,0.0
0.2638071259998469,0.6528280047129849,-0.26822078159825646,0.3148349602682023,1.9463534654360712,-2.3814422204535983,0.03727529800893269,0.0,0.0,0.0,0.0,0.0,0.0
0.2718669119999504,0.6528265569400885,-0.26821340545573,0.3148517009976471,1.9464140403003554,-2.3814014291006216,0.03731423415055029,0.0,0.0,0.0,0.0,0.0,0.0
0.27988811700015503,0.6528380827041748,-0.2681795356937485,0.3148228260182594,1.9464306794564352,-2.3813911434112796,0.03726557118865997,0.0,0.0,0.0,0.0,0.0,0.0
0.28798044599989225,0.6528345569294828,-0.26821350643283765,0.3148041997997504,1.9463684211005157,-2.381399212803962,0.03723371047246576,0.0,0.0,0.0,0.0,0.0,0.0
0.29588791200012565,0.6528435420331079,-0.26820768657880795,0.3148429285985179,1.9464184776659517,-2.381407961110832,0.03732847693877006,0.0,0.0,0.0,0.0,0.0,0.0
0.3038659280000502,0.6528309905608725,-0.26821519246603753,0.3148139206730204,1.9463430963028105,-2.3813969310944794,0.037258850330510344,0.0,0.0,0.0,0.0,0.0,0.0
0.31187529499993616,0.6528250219392255,-0.2682192366936555,0.31482328696126155,1.946373823575718,-2.38140597061679,0.03722030378589913,0.0,0.0,0.0,0.0,0.0,0.0
0.3198723380000956,0.6528363865746742,-0.26820774266845254,0.31480574914962434,1.9463813746410472,-2.3813553437970048,0.037244553313403095,0.0,0.0,0.0,0.0,0.0,0.0
0.3279468400000951,0.6528492350223282,-0.26818344143262524,0.3148329194991062,1.9464439867340289,-2.3813470907985357,0.037275680828815376,0.0,0.0,0.0,0.0,0.0,0.0
0.3359011630000168,0.6528428153556056,-0.26821584996593995,0.3148137612926888,1.9464003128166223,-2.381381937723716,0.03727258279286699,0.0,0.0,0.0,0.0,0.0,0.0
0.34388393200015344,0.6528445938285895,-0.26820182001630666,0.3148248897657747,1.9463708787940002,-2.381373581346167,0.037286486394810345,0.0,0.0,0.0,0.0,0.0,0.0
0.3518084379998072,0.6528489065634967,-0.2682239150685572,0.31483722674081727,1.9464050442115655,-2.3814199046669793,0.03730068689493599,0.0,0.0,0.0,0.0,0.0,0.0
0.35987375100012287,0.6528388053082956,-0.2681965006434784,0.31483348190182886,1.9464062549295595,-2.3814213179763755,0.037278516793948724,0.0,0.0,0.0,0.0,0.0,0.0
0.36784598399981405,0.6528372771353931,-0.2682089784761923,0.3148044125585467,1.9463803413916456,-2.381354760508508,0.037270456495241785,0.0,0.0,0.0,0.0,0.0,0.0
0.3758742469999561,0.6528412628268518,-0.2681957790069565,0.31481988293446783,1.9464223289298102,-2.381378865504077,0.037210377316960704,0.0,0.0,0.0,0.0,0.0,0.0
0.3839917959999184,0.6528542967997899,-0.26820326456438776,0.3147962085800031,1.9463705706470753,-2.3813734913031905,0.03728586346058431,0.0,0.0,0.0,0.0,0.0,0.0
0.3919147689998681,0.6528337419768658,-0.26819686580011237,0.3148093127245535,1.9464494235769814,-2.3813228782553093,0.037219416988338846,0.0,0.0,0.0,0.0,0.0,0.0
0.3998598220000531,0.6528428367608442,-0.26820757091032527,0.3148130581881939,1.946399753492109,-2.3814133184046553,0.03731539756190949,0.0,0.0,0.0,0.0,0.0,0.0
0.40785115600010613,0.6528508821381267,-0.268172089508155,0.3148252394867243,1.9465076524705227,-2.3813397109303316,0.037251983236457356,0.0,0.0,0.0,0.0,0.0,0.0
0.4158538729998327,0.652859005921313,-0.2681909531213962,0.3148257391481258,1.9464547799836438,-2.3813611218014503,0.03724990045182711,5.894817992368762e-05,-8.915036238141011e-06,-0.00021906969655304665,4.764376026242034e-05,0.00031600793596257143,-3.9755605605483885e-08
0.4238386219999484,0.6528568811004106,-0.2681845899230518,0.3148069971393618,1.9464349440180506,-2.3813342609690147,0.03724829513030103,0.00041259657673800885,-6.239408794833718e-05,-0.001533476696679716,0.00033347997808738265,0.002212059699957825,-2.782892609614521e-07
0.4319384999998874,0.6528475181541719,-0.2681903383577012,0.31481044562269306,1.946426158974887,-2.381352800769094,0.037235478360665986,0.00041260346171659377,-6.240015485356253e-05,-0.0015334623789656663,0.0003335063478702145,0.0022120557244095216,-2.782892609614521e-07
0.43990639100002227,0.6528590879669401,-0.26817554089093143,0.3148136903861247,1.9464495632810142,-2.3813544993366276,0.03726458959381703,0.0002569983993295518,-3.8860928109111304e-05,-0.0009551352457228431,0.0002076939527901782,0.0013777996013461427,-1.733344465223679e-07
0.44789574300011736,0.6528625485059929,-0.26820117791752046,0.31476968984469994,1.946392383804781,-2.3813699712534673,0.03722111337523106,0.000610518532280278,-9.233968659929208e-05,-0.0022695857048562994,0.0004936299692576906,0.0032738362603773104,-4.118680946373145e-07
0.45586255199987136,0.6528612194910781,-0.26821036047206187,0.3147772279096804,1.9463823020496682,-2.381356158098345,0.0372184870390287,0.0016124685497304206,-0.0002424041875832103,-0.0018138297876966582,0.000241666608354466,0.0015536782851963116,-4.28038151367216e-06
0.46390327200015236,0.6528824331343471,-0.2682113309406437,0.31479517622663733,1.9463458023862124,-2.381430614102798,0.037224192757799375,0.0013484440874147372,-0.00020246808592652753,-0.0008324031181177133,2.818804149764181e-05,0.0001379676357416721,-4.102363398712008e-06
0.47188147699989713,0.6528903162144227,-0.2682064678692008,0.3148142023304291,1.9464433437073196,-2.3813471464468576,0.03727295604115666,0.000858331379538253,-0.000128330923717019,0.0009678506255317707,-0.00036256156371993945,-0.0024532868565654655,-3.7553328940499508e-06
0.47996238899986565,0.6529068797079142,-0.2681981506719243,0.31478602397041056,1.94644127973518,-2.3813420084019867,0.03720862634453551,0.0037934954602873005,-0.0005694172562694386,-0.002118790649774201,2.2606769470276877e-05,9.558192968579272e-06,-1.1712302103266391e-05
0.48794181599987496,0.6529209411132993,-0.2681964237057768,0.31478603231729696,1.9464284392162177,-2.381326909185563,0.037286092101193706,0.0018901715661041123,-0.0002835798358893066,-0.0007241736795194193,-7.295895290635802e-05,-0.0005577957604050369,-6.089283516428339e-06
0.4958732069999314,0.6529399738640292,-0.26818992061837477,0.31480086327729717,1.946476811842941,-2.381298830753761,0.03727315554838193,0.003945834640958178,-0.0005905336994504629,0.0024162427781319095,-0.001149958528643543,-0.007828778050706201,-1.5713030389691055e-05
0.5038787970001977,0.6529754963252802,-0.26820236948656356,0.3148257480255174,1.9465273014900935,-2.3813711286622046,0.0373972242824546,0.0035750887128655415,-0.0005366340652314165,-0.0018364472127315363,9.043997644208884e-06,-7.242948604140062e-05,-1.05632840207531e-05
0.5118694060001872,0.6529860997433985,-0.2682078294472022,0.31478643721959104,1.9464516888033139,-2.3813876232845193,0.03722529583804786,0.001619063303159485,-0.00024534954780114013,-0.0007122366091727565,0.0006451246372644453,0.0042593363518337365,9.211644085310592e-06
0.5198491520000061,0.6530265083549819,-0.26820067273888487,0.31480165017164463,1.9464767657237665,-2.3813943371309994,0.03734619989626534,0.0033383947526608136,-0.0005011207697969212,0.0028482359401636034,-0.0006671415064948387,-0.004572733529775679,-3.2092964537891675e-06
0.52794626900004,0.6530360425330874,-0.2682153035511834,0.3148214564463493,1.9465207961137065,-2.381422643477423,0.037347342245081405,0.003015934771641136,-0.0004544675475721483,-0.003700949368702854,0.0008278086451776823,0.00542116246901748,-1.5249183075421426e-06
0.5359373780001988,0.6530614237864227,-0.26823712229621616,0.3148088904004442,1.9464451861080805,-2.381412451139189,0.03727736731285887,0.005282131573250246,-0.0007947515403267188,0.002929958616078443,-0.00035997026645629804,-0.002582948160471484,2.3238520637953014e-06
0.5438732050001818,0.6530987062917528,-0.2682303090809413,0.3148230937458887,1.9464242761655424,-2.381384128393277,0.037328647926870774,0.0024510158913140004,-0.0003730526265724247,0.00021985039018162242,0.0012455717443988616,0.00825391091481081,2.5518917501813096e-05
0.5518854820002161,0.6531417778217765,-0.26821418884135134,0.3148183140458302,1.9464366038936982,-2.381372247706998,0.03738331801657976,0.005074795366367643,-0.0007625751886298866,0.0003520015422751089,-0.00016487557731447063,-0.0012808002659685479,-5.2178702733624595e-06
0.5598844709998048,0.6531744456608488,-0.2682405624115598,0.31483845591733606,1.9465136456329306,-2.3813835296215853,0.03739609800015245,0.005190407589998701,-0.0007786061272565161,0.0017572339488415869,-0.0008195050818371752,-0.0056615131952843945,-1.261812965861707e-05
0.5678995610001039,0.6532099605591261,-0.2682459074706193,0.31485702877806504,1.9465041625577433,-2.381401763389801,0.03741019032821984,0.003545244335176353,-0.0005367625752344741,-0.000356845074113407,0.001091010663274939,0.0071783822328034715,1.8920367159590127e-05
0.5758893739998712,0.653234368551522,-0.26824957773104313,0.3148445323345217,1.946457257469765,-2.3814310378698087,0.03739875720074442,0.00518159946079861,-0.0007788800943295428,0.001672589578644241,-0.00035022799854855097,-0.0025197669302016654,-3.1506029789795237e-06
0.5839670380000825,0.6532712835484593,-0.26825622634229307,0.31484586941564263,1.9464752295044654,-2.38142586754521,0.037438622281525835,0.005097777583050228,-0.0007024670243344585,-0.0009261186170027493,-0.00045497819619550253,-0.003227894211962636,7.233882516272668e-05
0.5918680770000719,0.6533299649226,-0.26825346194298544,0.31483250916804106,1.9464829893838964,-2.3814346048018766,0.037375453928497435,0.004455291746097742,-0.0006104765033280139,0.0016603188634849787,0.0004928495239816864,0.0031511267908707966,0.00010447131885599016
0.5998744879998412,0.6533581665285022,-0.2682715409201235,0.3148554701359557,1.946417942558012,-2.381409395961295,0.03740868792993744,0.0061094709767228455,-0.0008554522742502394,0.0013676638273582994,-0.0005606909165046698,-0.003961769395403083,7.991864595692802e-05
0.6078640579999046,0.6534234072299492,-0.26827191584934834,0.31487430377202447,1.9464873551107844,-2.3814770105622936,0.03754810435535549,0.005213166312499521,-0.0007208529421975894,4.5853988025714516e-05,-0.00028687364746552465,-0.0021026943087916806,8.022545244879905e-05
0.6158894499999406,0.6534530209301014,-0.26825875801709753,0.31488912427621024,1.9464851190150285,-2.38144037641291,0.037469244816061495,0.005305757831244847,-0.0007350697827398843,0.0013738734729667238,-0.0003836649082526805,-0.0026677616418315946,-0.00037453193215071675
0.6238276680001036,0.6535078448391586,-0.26828353219035983,0.31487780685623457,1.9465036773411666,-2.3814347628526966,0.037479540023246986,0.005804416206868742,-0.000810459402717171,0.0007034671351709499,-0.00020232498456060254,-0.0014734399924155044,-0.00037411550770495154
0.6319760080000378,0.6535461637771547,-0.2682611416875114,0.3148907562598481,1.9464773638003148,-2.381523717609444,0.037490242912201974,0.004720328834857617,-0.0003453972085583936,-3.698544676394432e-05,-0.00017398637346538326,-0.0012449993710247304,5.852044580181598e-05
0.6399328239999704,0.6535930533159938,-0.26826434954972905,0.3148818710890604,1.9464982140952052,-2.381460439851977,0.03753838117274398,0.005686599594419133,-0.0004923553159314404,0.0012214009408310351,0.00014452301059769657,0.000859389486653178,7.031694412469678e-05
0.6478859690000718,0.6536361935479543,-0.268286280984505,0.3148862167263789,1.9464847251267774,-2.3814722062907197,0.037509853200805875,0.0050631399707736745,-0.00039753554139384883,0.0001286097488371658,-3.169758883439157e-05,-0.00030336545572877356,6.203859491807476e-05
0.6558811939999032,0.653691642263382,-0.26826307489256507,0.3149177573856778,1.9465640794798846,-2.38155009664265,0.03753540747669952,0.005131753462934615,-0.00018544218135654203,0.0002422655010910054,-0.00017933189581669003,-0.0012240923220500778,-3.2334618998334326e-06
0.6638780329999463,0.6537257134601662,-0.2682536216157956,0.3148791855649917,1.9464809214532184,-2.3814939288719468,0.037426682436076164,0.004748558262281293,-0.00012815285991545162,-0.00019491392047176617,-0.00020731576347327144,-0.0002882460965978254,-0.006274813379356633
0.6718507099999442,0.6537555516102098,-0.2682697000128336,0.3148904390623532,1.9464593893448787,-2.3814974815738217,0.03749052905546712,0.003897672272214528,-1.2167812084521245e-06,-0.0004057729066349497,0.00020188300157941412,0.0019155830147787939,-0.003074636833726272
0.6799006760002158,0.6538002140032114,-0.2682764003297699,0.314865793254376,1.9464454171782841,-2.3815097223032495,0.037491419168155536,0.005096540855050713,0.00014697881683749844,-0.000747166449616582,0.00030637229161639863,0.0022482213184885106,-0.0007477185893697553
0.6879621930002031,0.6538341474011669,-0.2682472971804316,0.3148626092578104,1.946446885680373,-2.381511490870872,0.037470232107720915,0.004104355781607328,0.0002975235132952901,-0.0004158185326754342,-6.819540652562061e-05,-0.0003127031220792986,-0.0002564688600932791
0.6958977590002178,0.653860084879947,-0.2682688626634139,0.3148906947849,1.9463748924940059,-2.381569228611297,0.03749660944963994,0.002912995252146495,0.0002947023937474899,-0.0011043634322292653,0.0011688969285497594,0.008526696455700181,-0.003393779281171672
0.703863156999887,0.6538983918674135,-0.26826523682560893,0.3148580229112428,1.9464237833622013,-2.3815102629204206,0.03744194341040054,0.0050395860635044434,-2.1304649886597355e-05,0.0006128231945936061,-3.997706879430627e-05,0.0001371092153546278,-0.002151272255910928
0.7118831409998165,0.6539170798658019,-0.2682691409492976,0.3148687179851494,1.946431946876553,-2.3815229263639717,0.03749563080680682,0.0034671519102845378,0.00021608130299128491,-0.0014949433025963179,1.9384159733530767e-05,0.0003403514002133733,-0.0008015432275062372
0.7198677880001014,0.6539588651366395,-0.26826607140728903,0.31483128007209776,1.9464112634105648,-2.3814601529320223,0.037360256715924876,0.0037429802635429057,-0.0003690622007765385,-0.0009432211315587998,0.0006429338524426658,0.004406761333331296,-0.0010117069710909128
0.7279415349998999,0.6540007197536006,-0.2682629664165644,0.31486114738629095,1.9464492887507354,-2.381481953395657,0.03740361631757714,0.004950457326493444,0.0013501359101209004,-0.0003068357549842998,0.00020967381773679498,0.001434871924263172,0.0020231834653809096
0.73585502800006,0.6540333700893466,-0.2682629175059084,0.3148307300627047,1.9464380752737667,-2.3814364814940716,0.03741346683704127,0.004304925325712425,0.0007374671200012948,-0.001143214201618037,0.00026621694504772145,0.0017931597224741258,0.0011701721658656462
0.743887660999917,0.654043126367715,-0.2682941884802098,0.31483651817371333,1.9463414977689333,-2.381519642202212,0.03733502918969977,0.005353640015194135,3.890909834723892e-05,0.001350371467718698,-0.00029200634059057943,-0.0020050443812681257,0.0005229988870229533
0.7518894849999924,0.6541146568273778,-0.26826018306560995,0.31482277459100033,1.9463779166801167,-2.3815060684659044,0.037274456117183705,0.004288783430363891,0.001990316838994625,-0.001221056886709834,0.0006877346040180091,0.004595287913148232,0.003210807024979326
0.7598502280002322,0.6541256229974688,-0.2682610575433234,0.31480075736531754,1.9463796838684273,-2.3813521525188603,0.0372637739363648,0.00578362332033571,0.0013064641358622139,0.001687430231557059,-0.00037953878612373193,-0.00261525547648683,0.002593135711908088
0.7679018260000703,0.6541671229825964,-0.26826724675153163,0.3148318990816621,1.9464104375934543,-2.381428767055716,0.037400775424354174,0.003463562557025704,0.000331279372499772,-0.0018515844389210435,0.00046307265238515954,0.0030815874337138433,0.0006912171761797432
0.7759048610000718,0.6541948445772592,-0.26827670075612364,0.31483122544831066,1.946422110113878,-2.3814443969614705,0.037350058498657565,0.006031119652648864,-5.4311240322321406e-05,0.0011355198664086716,-2.3496853708693548e-05,-0.00025791846189589793,0.0006929069862803706
0.7839316680001502,0.6542160157035125,-0.26828817624736945,0.3148128629179314,1.9463469681353984,-2.3814649387061877,0.037295402554203445,0.003820045562954558,-0.0001303705008518259,-0.0009613329467843229,0.00023696242574092433,0.0015514586361534877,0.00010215468890222273
0.7919029129998307,0.6542752775950791,-0.2682542508169482,0.3148209795558906,1.9464061657770824,-2.3814196728052215,0.03727346516262637,0.0048587514230049806,0.0010345700985285556,0.0009741447653584677,0.0005853826614665697,0.0038775894710620846,0.002022671202806166
0.7998804019998715,0.6543186728820993,-0.2682607306044187,0.314808452598771,1.9464286753633884,-2.381452598356107,0.03734206330960431,0.005588558749768869,0.0004933247660241035,0.00034727040187250706,-0.0002802566518329915,-0.0018926349209900221,0.0009923394001619414
0.8078710700001466,0.654351167048687,-0.2682678359079613,0.31479966795170966,1.9463946806083654,-2.381437317891882,0.03733967073309911,0.00332772168772263,0.00032234175353283197,-0.00042052719231814206,0.0010965195440738418,0.007407974007993816,0.00029055931014085714
0.815881759000149,0.6543791540969668,-0.26825219530357436,0.31480148165629374,1.9463941276145094,-2.3814021392125446,0.03720901821074858,0.004637767703103394,4.8593356170341966e-06,-0.00032085032760044733,0.00010202849004070004,0.0006934239741418442,9.020722180176871e-05
0.8238836659998015,0.6544162808983703,-0.26824640326744875,0.3148048770361487,1.946409106002165,-2.3813625910004017,0.03731177695984139,0.00403526464544222,0.002062763032818757,-0.0005825888964460814,0.0013148538236347,0.008874631038001242,0.0029533354086738895
0.8319352829998934,0.6544340529511616,-0.26824576087502844,0.3147760290841182,1.9463892106269383,-2.3813635408649305,0.0372077633804053,0.005359671618555534,0.0003933840571090444,-0.0010816376142623158,0.0003803805239015739,0.0025388688717326896,0.0008081052292630124
0.8399327209999683,0.6544829388787013,-0.2682553349006199,0.31479614935227557,1.9463457535678077,-2.381366377768096,0.03721957511486961,0.00432136391831883,0.00016904609484006406,-0.0015214246322403178,-1.8331434226715367e-06,-1.9005351295426442e-05,0.0003827563233138418
0.8478966809998383,0.6545267768299351,-0.2682442300586318,0.3147604757821406,1.9463893325449928,-2.38133256825616,0.03719403999258417,0.004943859600694485,0.0027377149403014175,-0.0010648433097501713,0.0006488845708624313,0.0043622846959573665,0.004233775201514833
0.8558881270000711,0.6545569184378152,-0.26827394267874616,0.314762642719917,1.946298937881494,-2.38139650587045,0.03718015936199312,0.005872078212268101,0.0007444973685853068,9.320591079779766e-05,-0.00023494846617580275,-0.0016191899350991136,0.0015476610996227702
0.863865756999985,0.6546129453732512,-0.26824172128074414,0.31476500896875237,1.9463755133709546,-2.3813139380446677,0.037182080227884516,0.0036936599599329354,0.0007759035599264703,-0.0014944933238242794,0.0008145821899572908,0.005487846350851604,0.00114206308228744
0.8718715019999763,0.654638234924458,-0.26825378097412556,0.3147621659613971,1.9464172655745853,-2.3813096660138373,0.0372204651057356,0.007315453286085113,0.001950601706007392,0.0005956576382429091,-0.0006008978968463893,-0.004104287266158998,0.003586950800863233
0.87993761000007,0.6546839253794625,-0.2682452082357408,0.3147233960746422,1.9463476162264837,-2.3812747813458413,0.03712631526872627,0.004171307694816221,0.0028518416226976408,-0.002161927332028926,0.0015807715395348746,0.01068729993880388,0.00398135269150231
0.88796474999981,0.6547080715945972,-0.2682538185868578,0.3147637456441666,1.9462747714240674,-2.3813596976898297,0.03707822347535048,0.005527748644214501,-0.0027476177292121416,0.0012965668473502658,-0.0004896625694912373,-0.003311308285863634,-0.0038209692431243813
0.8958907609999187,0.6547801467146175,-0.268221727647883,0.31474413760443476,1.9463890194078293,-2.3813304056337135,0.03713747327233286,0.006945363304243183,0.005133543844423949,-0.0005443923621472417,-0.00018530835516156657,-0.0010805735510744465,0.007059110843764142
0.9038531510000212,0.6548081602572973,-0.2682605299790997,0.31473925131872316,1.946326429186465,-2.381338488685733,0.037104938363732354,0.0037293419331662983,-0.001079959309662273,0.0007118160180492454,0.0012417290037737934,0.00852270974204578,-0.0025303629313256967
0.9118897590001325,0.6548395512113867,-0.2682558429550208,0.31476799304389125,1.9463743573486123,-2.3813418322680833,0.03713406327223858,0.003416611829557493,-0.0029030327774270327,0.00011709469914595168,-3.80357471995823e-05,-8.150831593152387e-05,-0.0052575930243136506
0.9198942230000284,0.6548605667464208,-0.26826011020478835,0.31476483791246,1.9463357545069817,-2.3813517361419847,0.03713322062912063,0.004122843048583901,0.0032544610507860834,-0.0025327020549857733,0.0006468018042517956,0.004470823868584976,0.004274089042001078
0.9279167350000534,0.6549101007768151,-0.2682412713005399,0.3147260363506944,1.9463630985656708,-2.381260803871958,0.037013253968459954,0.006086972082481462,-0.001499123490845517,0.001854917800570191,-0.00046777994582953745,-0.003175082948630981,-0.00184318033464294
0.9359147420000227,0.6549540175879611,-0.2682252094882868,0.31471454928594067,1.946380864212628,-2.3812240368391997,0.03703999021504712,0.005880426941932827,0.005195150914872906,-0.0014640204572821233,0.000578990843191743,0.0039049159856038708,0.007925003160406556
0.9438886879997881,0.6549872933510316,-0.2682395938429747,0.31473136941485746,1.9463560761657652,-2.3812531929581353,0.03707937424901538,0.006016437693763624,-0.0014783701291722978,0.002781043142207112,-0.0009432411278518225,-0.006399037818245335,-0.001625910209728638
0.9518916410002021,0.6550388986127716,-0.2682440206722671,0.314764539920111,1.946320733041592,-2.3813282705218186,0.03705900192422808,0.0034135714087719336,-0.002423351112910164,-0.0005281069762463112,0.0001809237564332129,0.0012074350451816236,-0.0035333834549826255
0.959893170000214,0.6550596231729984,-0.2682493274632138,0.3147512477862245,1.9462619484902368,-2.381374291967954,0.037113132022814674,0.008232157841181684,0.004436909567079567,0.0026417690003575425,-0.0007822864113944086,-0.00511308906795128,0.006254980994552123
0.9678982020000149,0.6551202339257999,-0.2682561967832412,0.3147412127858749,1.9463441592745003,-2.38133046381794,0.03708634548330356,0.004765291684880863,-0.0013534980964413424,0.0009636475205183068,-0.0005775085364425733,-0.0037089512907212963,-0.0028237291690420474
0.9758978660001958,0.6551630931304203,-0.26825321184217665,0.3147696662700961,1.9462878936548242,-2.3814407246341442,0.03714756743270878,0.005177558075088877,-0.0022618959712969486,0.0024327092006552952,-0.00020489281758137226,-0.0012352630457745566,-0.003985831230994055
0.9839560290001828,0.6552215005524759,-0.2682284549442669,0.3148157638411108,1.9463957356192498,-2.381434462565823,0.03725844578101465,0.006524342331939587,0.0033777747808533486,0.0010211932241851174,-0.00018776720278030473,-0.0011948745612842357,0.0049615120439561265
0.9919612019998567,0.655266911527626,-0.2682555157439416,0.3148263274931405,1.946373762104708,-2.3814071319340226,0.03727885524818073,0.005541961291003456,-0.001462628353556384,0.002203478205185963,-0.0002820067263307874,-0.0019103651057399192,-0.0019012507364355264
0.9998762049999641,0.6553121019047657,-0.26822878076165385,0.31484418838725636,1.9463930370561533,-2.3814335223098655,0.037338180155855605,0.006204246570315926,0.003764274065954281,0.001276484959140567,-0.00020504594939265488,-0.0013662529615946844,0.005849753515214869
1.0078863059998184,0.6553400197940131,-0.26826004863071296,0.31485986014913153,1.9463529384571097,-2.381473643443103,0.03740220323881526,0.005218524537365558,-0.001473807857952536,0.0007343108404353829,-0.0007818758529176438,-0.005280367902098259,-0.0019122361106752716
1.0158957769999688,0.6553830319485702,-0.2682443660289566,0.31486250427502516,1.946442341494126,-2.381469527502301,0.03735547367796453,0.0040332257340821975,-0.001298979534100612,0.001046648500257407,-1.9336509401881306e-05,5.0168211489290095e-05,-0.0028304776829326268
1.023892118999811,0.6554399444356844,-0.26823136836720923,0.3148327478654698,1.946413197738785,-2.381398543753846,0.0373125115386537,0.006342491432124977,0.0035052347641644846,0.0002428765714947036,-0.00031188288062997745,-0.0019289417152616472,0.004560922136891337
1.03193863100023,0.6554637403920551,-0.26823492021361656,0.3148622960002452,1.946421786773963,-2.381442919873461,0.037381837289404224,0.003549151435888722,-0.0013250372733575174,-0.0005605853980772512,0.00047240022393092794,0.0033629907193686004,-0.0029677364143222986
1.039894643000025,0.6554913103541318,-0.2682451352582335,0.31486176782331315,1.9463858558019846,-2.381485605814813,0.03734411068591088,0.007327011196653364,0.0030025909492896454,0.0009145217357646774,-0.0005088991347894116,-0.0033646268858107354,0.00446823716264776
1.0478643010001178,0.6555221813031638,-0.2682674541256743,0.3148048645682375,1.946347832932101,-2.381464235727461,0.037299683950735664,0.004195815016448224,0.0025367156637073167,-0.0010940577336695713,0.0002460290290315234,0.0017346065402953912,0.0034786798535859885
1.0559884959998271,0.6555677277337851,-0.2682516310531535,0.3148536772394046,1.9464173441253538,-2.3814053175581025,0.03735250475418419,0.006277962504844928,-0.001553628267205213,0.0016999706508137521,-0.0005967364886646846,-0.004077633821310414,-0.0017513386887886332
1.0639065800000935,0.6556201286283445,-0.2682373412706103,0.31484297392220517,1.946449802524849,-2.3814481019083322,0.0373075915694289,0.006494446342448505,0.004078049236544943,-1.5075463622352886e-05,0.00022961113547980013,0.001508945327448418,0.006555395877728335
1.0719116169998415,0.6556532743843714,-0.2682447445260375,0.3148681415196885,1.9464369264030366,-2.381404561203475,0.037513112322694456,0.00406763404061766,-0.001365114541445142,-0.000278556241245962,-0.00013176440317510263,-0.0009174825613205864,-0.001781618063578858
1.0799472489998152,0.6556805534012002,-0.2682817749458335,0.31484530780088404,1.9463995293941303,-2.38150588159892,0.03738337382793111,0.005899886516027924,-0.0016388829377578875,-6.905121601522083e-05,-0.0005103271881835004,-0.0035234022709355614,-0.0017898896533222897
1.0879410160000589,0.6557376161042181,-0.2682485410754134,0.3148565048573518,1.9463876091874746,-2.3814875910335416,0.03734881881641071,0.005761807039439512,0.003493649881445589,-0.00016103126634078022,0.0005539979816632773,0.0038922605239151723,0.004513575904796731
1.0959231769998041,0.6557853979431824,-0.26825900393719376,0.31485749046228606,1.946403206364837,-2.3814807821718755,0.037439347742114604,0.005591639551759929,0.0006567009141815193,-0.0008357374036235198,7.662848909378083e-05,0.0006482696023767035,0.0003835949993965177
1.103890373000013,0.655826931768475,-0.2682618703009726,0.31483172675686844,1.9464472934230543,-2.381510315840346,0.03744324566042008,0.00557238112706643,2.91908647755526e-05,-0.0001316970269496965,-0.0003807411142783648,-0.00243057100639042,-0.0005306261440631793
1.1119075050000902,0.6558581010942655,-0.26825938925475284,0.3148657627132331,1.9463863887216482,-2.381519526313447,0.03741799135067936,0.0051427569745402585,0.0016111555416827759,9.035727938852393e-05,0.0007431671966486641,0.0050911608002008665,0.0020630344223172906
1.1198826350000672,0.6559035948854387,-0.26824356360957446,0.3148365179302596,1.946410958005344,-2.3813955496253034,0.03733364140131267,0.0034538843090783835,-0.0040858727526863,-5.5386229203553314e-05,4.659274695291217e-05,0.00033095699889992846,-0.006179778136802756
1.127953714999876,0.6559721347270207,-0.2682360754118883,0.3148342905388178,1.9464525110608983,-2.3814557242381578,0.03743326132142257,0.007983679204901614,0.0046245836526615505,-0.0012506735315999814,2.4697846525323666e-05,0.00013248716971613452,0.0073763874961570025
1.1359428079999816,0.6559948295356773,-0.26824172306399025,0.31483340539437854,1.9464049664351555,-2.381420631171225,0.037389437918599014,0.0025043474021454503,-0.004215796345491557,0.0004308338096343054,0.0013405177494821075,0.009047963948428182,-0.006456649302348532
1.1439101500000106,0.6560450434596534,-0.2682625166772255,0.31481858679952246,1.9463602888228102,-2.3814827998656867,0.03733980372961406,0.009132756640924874,0.0063831916747776,0.0005222758977004638,5.4809363411684904e-05,0.0003283229598128834,0.010158799143373537
1.151882268999998,0.6560862359361584,-0.2682565179926096,0.31482153129898566,1.9463571642189854,-2.3814495456560762,0.037403566800623136,0.004993516258523675,0.0014516175052285403,-0.0024139155199284783,-4.233373035504089e-06,5.469709959252194e-05,0.001805628733225531
1.1598780230001466,0.656143650945886,-0.2682553734846299,0.3148150568356786,1.9463920365989296,-2.3814337008810766,0.03739213218069237,0.006622845455648779,-0.00025297515550596917,0.0007412342036915958,-0.00020361400113754608,-0.0013501932261026836,-0.00028209334900024816
1.1678920710000966,0.6561948015531245,-0.26822761696971464,0.3147878985655906,1.9463897823416834,-2.381429463408853,0.03733072920981989,0.005261539188904462,0.002122556058378396,-0.0013822160513078676,0.0003033894509243905,0.00212847263857566,0.0028395115767082704
1.1758807340002022,0.6562049533844138,-0.26826124204062884,0.3148134545715988,1.9463712802117583,-2.3814653256400753,0.037328387501418335,0.003456741535793996,-0.004951496140816759,-0.00025894007530953534,0.0001514235146445585,0.0010915096891974362,-0.007800951129866588
1.183979150000141,0.6562660899646429,-0.26824438360382824,0.3147423528757036,1.946378262398149,-2.3814109171154536,0.037235744930171365,0.007049299078521799,0.0059231437470089994,-0.0026430484374182777,0.0006251896989027588,0.004297244335333389,0.008586767672134775
1.191973077000057,0.6563195933587657,-0.2682319279499744,0.31480052341910253,1.9463468405140631,-2.3814337609707845,0.03734570004555309,0.0031362256331848954,-0.004808121499751792,0.00045932587827495364,0.00066782380385,0.004581590909153377,-0.007645869220305271
1.199938419999853,0.6563345300762763,-0.2682579795220765,0.3147819335153239,1.9463481059541639,-2.381402195082626,0.03727389398341706,0.007236828961199517,0.005878412336554542,-0.0015536678747670994,0.00033512747595580407,0.00232010948625115,0.008693698880355979
1.207889946999785,0.6563878298569112,-0.2682399271843246,0.31474258386848947,1.9463777405554765,-2.381380339631648,0.03725013526913383,0.0032027010853538725,0.0015539272861678781,-0.0015637698856346698,0.0018006962590968144,0.012206718891740366,0.0019246301313930814
1.2158867970001666,0.6564162619763341,-0.2682359368986768,0.31474386269132804,1.9463517053797195,-2.3813102124141294,0.03712719013502498,0.0042008532146161365,-0.003800062696116947,0.000634596848352283,0.00022917172985430044,0.0015392822499329694,-0.005578793510833608
1.2238768480001454,0.6564668039553448,-0.2682118203536087,0.3147436376407712,1.9464124657955733,-2.3812687718021053,0.0371949305675644,0.005185602188951006,0.0031060920829861353,-0.0017258812330508484,0.00034472875419391396,0.002368595905148771,0.004538311433976869
1.2318904469998415,0.6564768657990779,-0.26825717686635553,0.31472986116321977,1.9463168166178888,-2.3813857241458254,0.03707834641937908,0.004175270854079301,-0.005488832822584972,0.0005746040834637149,0.00028791481688654274,0.001911844914627039,-0.008007048526685765
1.2399252629998045,0.6565403778279109,-0.2682364624206134,0.31474755791889863,1.9463770985710254,-2.3813126951309713,0.03713034475340467,0.007172396216149571,0.0053922823227496785,-0.0005502373394908758,2.029583034862814e-05,0.00015522734021549496,0.008243255425587567
1.247916522000196,0.6565509992239151,-0.2682572193265143,0.3147032639941002,1.946258221458556,-2.3813368676431166,0.03708820652858171,0.003573735574065625,-0.0012491492883019155,-0.00036449489529219925,0.0005005028662254515,0.003412893084265679,-0.0020292786458278858
1.2559132159999535,0.6566167488573035,-0.26824567745443856,0.3147150581826203,1.9463323964394128,-2.381343660326951,0.03706735713343362,0.00815062729825766,0.006770352305905028,0.0003667996814997776,-0.00031396536381977854,-0.00210712735513504,0.010445128876502167
1.2638966489998893,0.6566437207203561,-0.26823833313516054,0.3147067426379202,1.9463022358624495,-2.381270159640882,0.03707521145414148,0.0030304930177191642,0.0017424207115421867,-0.0009171340248899477,0.0012756050623112796,0.008686792048196796,0.002165854250577939
1.2719080179999764,0.6566772200971542,-0.26824754062736894,0.3147446041571455,1.9463320938278434,-2.381343115179636,0.037094184572614604,0.006456477313852022,-0.0003414952194179507,0.0018390510825564937,-0.0006702490117147159,-0.00450806024756276,-0.00030017303290738
1.2798891450001975,0.6567196077170355,-0.26823914921465664,0.314710401318709,1.9463130010264247,-2.3813162176375515,0.03709362452647799,0.004968632752278645,0.0020627983618620714,-0.0009519721624718172,3.8171923342707846e-05,0.0003298915245132106,0.0028355454091465336
1.2879582999999002,0.6567453062786457,-0.2682524252219025,0.3147484229017465,1.946298132529978,-2.3813273114925275,0.03711935287093913,0.004973191310825384,-0.003186412714935871,0.0034711005000844885,-0.00020865361912685715,-0.0013846142113652842,-0.004680138216385987
1.2959065730001385,0.6568017559249922,-0.2682298617979081,0.3147549821242182,1.946329833262519,-2.381278977317944,0.03714613677248339,0.005102083957633074,0.00506193585126331,-0.0010436964645328538,0.00047528484256851666,0.003308370798779969,0.007178589133181683
1.3039071090001926,0.6568268272046102,-0.26824578399974636,0.31472282270925556,1.946304705686309,-2.3813360121002862,0.03708319475586368,0.002949911039223031,-0.006181007458045519,0.0029104197450600987,8.030516566308644e-05,0.0005637794626235244,-0.009291160419315056
1.3118858709999586,0.6568587439518543,-0.2682223221313412,0.31474925945150556,1.946364174824713,-2.381322712060635,0.037048135818273195,0.00841823742430984,0.007143845161350633,0.0017099873171424924,-0.0006616459450100774,-0.004475014880334453,0.011184732904445745
1.319907578999846,0.6568868374112835,-0.2682486744004462,0.31477353228215377,1.946312144819411,-2.3813480100758,0.03716326638607302,-8.664624722332776e-05,-0.005087709757147797,-0.00041895494843678205,0.001190600040351674,0.008087742520697036,-0.00807351829753963
1.3279535980000219,0.6569337081578126,-0.2682368337564611,0.31476497964066424,1.9463323197953826,-2.3813762565849768,0.0371688040896251,0.008131949094426242,0.0037484896476187093,0.0013942152220432426,-0.0007209661437380796,-0.004926443445992881,0.00632348114789791
1.3359433330001593,0.6569619690448978,-0.268243321536813,0.3147407569206983,1.9462387598717323,-2.381338968029271,0.03707211567890762,0.0021683387250887656,-0.0010946861522872283,-0.0010232878173329313,0.0012043074350671515,0.008417825226032922,-0.003297228104528498
1.3438926610001545,0.6569977200504069,-0.26827025640368046,0.3147512219519258,1.9462872649679697,-2.38137398128203,0.03708599984901199,0.0056511709633579954,2.29819764454664e-06,0.0027204017349728342,-0.0008455165878288004,-0.005467484338201725,-0.001011814482389062
1.3519193259999156,0.657042495944466,-0.2682228653306968,0.3147667842914819,1.9463696408254634,-2.3813029333790277,0.0371949584523336,0.004778748831589694,0.0014333870970655866,-0.000699742042657993,-2.3420736532565246e-05,1.6947148507980882e-05,0.0013159955360525937
1.3598882549999871,0.6570606875772148,-0.268255858376486,0.31476034429750976,1.9463390558379328,-2.381321114269927,0.03709973840314476,0.004254928410417774,-0.004129686171307293,0.003348388047160128,-0.0006729789475402549,-0.00448686146767331,-0.006275221164890504
1.3679340220000995,0.6571275628889123,-0.2682344828230253,0.3147734028811623,1.9463469255360377,-2.3813334311336627,0.03718291409885144,0.005435435264616392,0.003554463156349355,-0.0006675895001783273,8.617932007788743e-05,0.0006208973901942275,0.005285248711271516
1.3759204960001625,0.6571467654842037,-0.2682351400532263,0.3147784726914192,1.9463440266460237,-2.381359595852212,0.03715944681515994,0.002628750978055485,-0.005163156220812565,0.0025221554984999374,1.1456206904257955e-05,7.468418070831668e-05,-0.00763298358744406
1.3839602490002108,0.6571898480672569,-0.268243778120363,0.31476056510088457,1.9463703735580462,-2.381335514132619,0.03721035764052932,0.007130907712062838,0.005394904529061695,-0.0004908326329843948,0.0003935385219139191,0.002604949906761157,0.008601842310058226
1.3919345129997964,0.6572180934894093,-0.26826795047009094,0.3148003401985179,1.946329564928905,-2.3813751559330134,0.03730152858343487,0.00289091200704027,-0.001144900847746148,-0.0013911602940223126,1.8012439048091743e-05,0.00011733372870473426,-0.0016614807364077424
1.3999162599998272,0.6572484508823001,-0.26826696868706607,0.31477932851655377,1.9462775337463853,-2.3814248102551927,0.03717313707188991,0.008429108721950011,0.006984510211705951,0.002173372035072485,-0.00020466846084725977,-0.0010279010565446577,0.008902170796282888
1.4078960629999528,0.6572996858231475,-0.26823417532124233,0.3147978551970937,1.9463338715005476,-2.3813789910270806,0.037203062605133896,0.004226120291797834,0.0012844633116992645,-0.0015815064066924244,0.00026348930621700607,0.0021721615601710755,-0.00017989560499431225
1.415937562000181,0.657321261971833,-0.26826622422495,0.31478716770744164,1.9463084364551304,-2.3814347534880866,0.03713659541977409,0.004296340945467304,-0.0035592952319213112,0.003258362636754301,-0.00018414238288884068,-0.0010218610135658596,-0.006370786108485308
1.423901596000178,0.6573700680874071,-0.2682299610199469,0.31478709045586517,1.9463431672418843,-2.381328667793005,0.03720116867173339,0.0051776866338603175,0.001875407095637922,-0.0018622575579137798,-0.0001521797755094034,-0.0009142926739519688,0.0023103640513097096
1.431970604000071,0.6573885459836758,-0.2682679718322828,0.3147974985659119,1.9462851089481632,-2.381465803703874,0.03715343437253789,0.004388886872940619,-0.0035188478846400885,0.0011214183622770828,-0.00010156440233077192,-0.0006768963541646204,-0.005193573945673843
1.4399251429999822,0.6574610737414425,-0.26822471147123694,0.3147641333758532,1.9463643397007482,-2.3813257057500836,0.03716488731840353,0.006614493345291222,0.00545015125524757,-0.0010639764472649513,-7.433103155899506e-05,-0.000492672119262641,0.00834103069773188
1.4479427080000278,0.6574920337341188,-0.26827011834911235,0.31478780594976064,1.9462970019463959,-2.3814536835931728,0.03723354494798724,0.0032327704528840283,-0.005612987814057697,0.001620548321793247,0.0002963958344181892,0.0019500528769058932,-0.00806642100857689
1.4559051370001725,0.6575400691637423,-0.2682606536728342,0.3148080516152351,1.9463721863397205,-2.3814338341435226,0.03728903138915757,0.009081724528297317,0.006161859138328617,0.000814633704572017,-0.0005914979677549416,-0.00406956770640724,0.010036901218955901
1.4638775339999484,0.6575861051197824,-0.26826223039111213,0.3147949499526692,1.946267625875493,-2.381445091459735,0.037274698770198136,0.0033902524235506016,-0.0050387568676136816,0.0017967890175959085,-4.0575771358344355e-06,0.00028714439207725166,-0.009203248589229952
1.4719065660001434,0.657627391064257,-0.26827262203903646,0.3148010012285728,1.9462889308639852,-2.3814737739236476,0.037224186869767036,0.00784101037998919,0.004608379919985788,0.000987383970055965,-0.0005022003975959769,-0.003089257206935035,0.005559477327687587
1.4799948459999541,0.6576650893437292,-0.2682606972141176,0.3148186285212844,1.9462970468524947,-2.3814586924774566,0.03740903251731748,0.0031936023381722,-0.0012620695399150072,0.00024370138741970822,-0.0001465966393903571,-0.0007879753896272107,-0.0029259113342297955
1.4879250859999047,0.6577035939175495,-0.2682764257272787,0.3148304647436,1.946329682450318,-2.381532309903641,0.03737545144616634,0.005670577681232764,-1.7315003762091583e-05,0.0029180360048770494,-0.0007076783656737511,-0.004715578865336046,-9.707586984395431e-05
1.4959135160002006,0.6577523082039779,-0.26825043492472916,0.3148118173271868,1.9463917767712229,-2.3814615842693,0.037349209843991364,0.004082950045956679,0.0016022090750067394,-8.02564509848016e-06,-4.412336148014107e-05,-0.00023330974971223542,0.002173189099695913
1.5038897109998288,0.657750468279704,-0.2682656927767644,0.3147952912622132,1.946359687792693,-2.381478751815276,0.03730840245299503,0.0003281887744207661,-0.0028776782927470855,-0.0008662595151606268,0.0003225758327048206,0.0022642535011625185,-0.004853069122186737
1.5119117929998538,0.6577620139555117,-0.26826744597545554,0.314799538066341,1.946369900608169,-2.3814291114629706,0.037251991626911236,0.005297757148321062,0.0039732041506969655,0.0021905113153056974,-0.0007204415992720396,-0.004847887984110973,0.006149600710314646
1.5199160020001727,0.657757054079551,-0.2682700268009836,0.31481653529108516,1.94630592586154,-2.3814681002915643,0.03731909159161337,-0.00043447113602054115,-0.004752945460426475,-7.637843999330058e-05,0.00017853201939171148,0.0012591231328723314,-0.0074929267641217715
1.5279987300000357,0.6577867366648588,-0.2682472928076747,0.3148356256349626,1.946392660448438,-2.3814303365089984,0.03730817297857873,0.0036021164482974155,0.005659265859966393,-2.8101125616340666e-06,0.0007082551463016196,0.0048234045853334075,0.008382484346825706
1.535926088999986,0.657780168037947,-0.2682829352070954,0.31480574147350027,1.9462921403065037,-2.3814162689551064,0.03726058461404226,-0.001527821674416777,-0.00474182122651265,-0.0006047238849728801,0.0003912919698273787,0.0027031266881410426,-0.007573638648646263
1.543918248999944,0.6577516710890899,-0.2682659614462323,0.31479796321000003,1.946254201397585,-2.381422622569241,0.037118045429849075,0.0026993072439149045,0.0051371921756590295,-0.0006124813267642606,-0.00016844437408969142,-0.0010817364020817286,0.007511099254762861
1.5519205710002097,0.6577925212556388,-0.2682493009041203,0.3147858867524377,1.9462996549643872,-2.381393902336567,0.03718569841312819,-0.0005138982235860671,-0.0005982659899939607,0.0013669883004409158,0.0014596970467204112,0.009922222203816203,-0.0013035288665389517
1.5599080699998922,0.6577860956488556,-0.2682544408756377,0.3148165011385075,1.9463240019263444,-2.381427178917645,0.037200954173482945,0.0018423884396205454,0.00044471029150547836,-0.001006600513368497,-0.0016452918309359944,-0.011086164400267938,0.0006379636458065399
1.5678780600001119,0.6577818219510753,-0.26824770044304486,0.3148059061580704,1.946337169947971,-2.38138311652093,0.03721184787058547,0.0023656306158300654,0.004409928090515811,0.0004247220543052808,2.5589022015854575e-05,0.00021389353112949517,0.00650341560831259
1.575866125000175,0.6577946320469963,-0.2682402038855555,0.3148029312908094,1.94632914490254,-2.3813711955081653,0.037159808363144586,-9.41953804846962e-05,-0.0006482938840801728,0.0007326260638506965,0.0004996855626935471,0.0034207990336542126,-0.001237894418552224
1.5839686720000827,0.6577994885795645,-0.26824091177263965,0.3148273088917014,1.9463660063370514,-2.3813916412030522,0.03722742929098814,-0.0005330296617546452,-0.002418008929009456,0.00014047266411670541,-0.00010311328524403807,-0.0006613825748372256,-0.0038487127001762354
1.5919855809997898,0.6577760562504592,-0.2682424306251926,0.31481948113486913,1.946345759570525,-2.381391847465662,0.0371218966329887,0.0004955845613696531,0.0002829892184640332,9.690786192470313e-05,-8.282550865834717e-05,-0.00052222912924402,0.00024218191397305588
1.5999270649999744,0.6577649934449444,-0.2682463332449414,0.31479742790400733,1.946328376981105,-2.381306867655802,0.037126896004176006,0.0008584688055067106,0.0013170494760624241,6.834697415910465e-05,-6.741556772699855e-05,-0.000419889092735807,0.0018210786403136563
1.607910069999889,0.6577777831192684,-0.26826262853356236,0.31479760737347334,1.9462810882871038,-2.381430381359422,0.037185929763063306,0.000822986693909609,0.0013223530411070176,5.0983387468528965e-05,-5.751430138678893e-05,-0.0003554791401174357,0.0018403459228096921
1.6158898789999512,0.6577861823136436,-0.2682472554866813,0.31480508713041255,1.9463193329175146,-2.381389159237097,0.03717288175733807,-0.0003534623190591182,-0.001481464102683399,3.861901675749661e-05,-4.94735523593314e-05,-0.0003037225138893854,-0.0024099855799510025
1.6239278100001684,0.6577808005937599,-0.26824148082702504,0.3147905584714994,1.9463373411631848,-2.3812886319997464,0.03714023580104124,0.00037421472211468813,0.00037240177189216164,3.1250609677551175e-05,-4.3988378601595935e-05,-0.00026577480668580787,0.00040241471948002875
1.6319598459999725,0.6577607421129198,-0.2682850721530213,0.3148128735463267,1.946234549770428,-2.381427072312073,0.037128967774894016,0.0003586809985522974,0.00037469047628577135,2.5073906409125947e-05,-3.9640051450894374e-05,-0.0002393084126016041,0.00042160221629103866
1.6399544709997826,0.6577945380577283,-0.26825682670346374,0.31479936772166794,1.9463149667884305,-2.3813822836400798,0.037157944468343536,0.0003431073279021949,0.0003770356222932156,1.888789539389535e-05,-3.5947886525061735e-05,-0.00021401026709683344,0.0004216624802423662
1.6478841250000187,0.6577808853674635,-0.26825479711539374,0.3148079024502246,1.9462961281391553,-2.3813876393044797,0.03714499334978827,0.00032755112014356386,0.00037934202872599843,1.2707792421284283e-05,-3.1590341753802755e-05,-0.00018755316623528858,0.00044085067670337526
1.6559211399999185,0.6577836542041698,-0.26824187915024744,0.31480745558484496,1.946321632786765,-2.3813629002904686,0.03722395357489456,0.00031638826238200796,0.00038100855199745405,1.1528817372053385e-05,-2.9761277707699866e-05,-0.00017490780280195525,0.0004408917430224656
1.6639424670001972,0.6577722594051776,-0.2682596062935408,0.3148467444861564,1.9463393709956847,-2.381415425486672,0.037173300086793225,0.00029152207788316824,0.00034902437045509024,1.0353761149259737e-05,-2.7944168386229827e-05,-0.00016224383965271122,0.0003897991773433685
1.67190807399993,0.6577795270454279,-0.26824737996517195,0.3148244291109641,1.946328326930838,-2.381370026862376,0.0371845786308154,0.0002563567083689295,0.0002918333210530091,9.168984843414046e-06,-2.544264247173284e-05,-0.00014844051913885423,0.00031948590803069783
1.6799506809998093,0.6577909064768138,-0.2682634804711645,0.3148415384127579,1.9463472972473406,-2.3814279289681815,0.03722640486257332,0.00023481618398827502,0.0002504462365099147,4.169297469766613e-06,-2.35799029447383e-05,-0.00013579004522223885,0.0002555891881877798
1.6879529500001809,0.6577702762266535,-0.2682897948261731,0.31484072047675943,1.946249529655726,-2.381451222544826,0.03726126728465287,0.00021435150118748468,0.0002178077862387666,7.99069454474646e-06,-2.3624504973870854e-05,-0.00013579069393342296,0.00020447822876093645
1.6958920530000796,0.6577867913623822,-0.2682556549912804,0.3148308722329871,1.9463089534218874,-2.3814382407834787,0.03722747811017437,0.00019525463456993106,0.0001939005205150615,-2.0147555734232978e-06,-1.9221923646073736e-05,-0.00010933489920443823,0.0001852952657136497
1.7039428739999494,0.6577713726992177,-0.2682544826470236,0.3148054646310465,1.946333219592414,-2.381345186376742,0.037155476323683975,0.00018164024090366814,0.00017808638727201536,1.8032386860024501e-06,-1.926852794240705e-05,-0.00010932962599107629,0.00015975047069201814
1.7118807719998586,0.6577825742367284,-0.26827388953823683,0.31480166540937493,1.9462234765804507,-2.381444412772022,0.03719735849116114,0.00017038618334657335,0.00016192396622319487,-3.199728932793284e-06,-1.7411331122819837e-05,-9.66836270030872e-05,0.0001342037397176597
1.7199078319999899,0.6577736996276399,-0.26827590463248735,0.3148082569785001,1.9462545423082975,-2.381363299248169,0.03720447783172487,0.00016117003334709533,0.00014545904148626813,5.623940146177133e-06,-1.9308953991383427e-05,-0.00010933002303403655,0.00010863940112163
1.7279101320000336,0.6577811443049156,-0.2682703554480012,0.3147885603263097,1.9462873520573276,-2.3814058800466813,0.03713085219083601,0.0001533403059697007,0.00013770593028803648,6.200791304230979e-07,-1.6767188718241172e-05,-9.551712825217101e-05,0.00011500288055293919
1.7359528830002091,0.6577973892966621,-0.26824061202841093,0.314830124110401,1.9463711898225264,-2.381366919468519,0.037199540634353115,0.0001420755255473774,0.00012155018636529394,-4.377740986228419e-06,-1.4901125612805492e-05,-8.287242522433024e-05,8.945611176996472e-05
1.7439203109997834,0.6577710060485229,-0.2682483311053929,0.31481524188674515,1.9462660407404593,-2.38137801288053,0.03718365874971003,0.00013629154813620773,0.00011348937024519772,4.444601027895584e-06,-1.6801442719811637e-05,-9.551770552833748e-05,7.667494742321302e-05
1.7518884229998548,0.6577855577539553,-0.26824215817268926,0.31482034802475634,1.9463450263632984,-2.3813638989047043,0.03725063447892416,0.00012846177100968263,0.0001057380828645643,-5.56362707848388e-07,-1.4937257863058388e-05,-8.28712400879064e-05,6.391120493995078e-05
1.7598535880001691,0.6577884883625755,-0.26823817919701365,0.3148064239175129,1.946320526709388,-2.381389940937794,0.037148187058496845,0.00012063252837498411,9.798346187392256e-05,-5.560321228190065e-06,-1.3085608227265144e-05,-7.021735429281685e-05,5.114742110245769e-05
1.767918749999808,0.6577827037588125,-0.26825174330690005,0.31478516196081263,1.9462894190053406,-2.381407695334444,0.037081486380114805,0.00011827692776766302,9.833490720260478e-05,3.260642984727303e-06,-1.4984431971130467e-05,-8.285589095638128e-05,5.1148930619728474e-05
1.775906384999871,0.6577667270222552,-0.2682648566181651,0.31481399501765506,1.9463234045039512,-2.3813908157464017,0.0370651679276406,0.00011044982955841774,9.057586376170865e-05,-1.7387527453130994e-06,-1.2445448627877042e-05,-6.905147875064288e-05,5.7513012291845455e-05
1.7839708699998482,0.6577779802414359,-0.2682732078811983,0.31483382922407677,1.9462746090379703,-2.3814223535299557,0.03722290487868697,0.00010702101160249878,8.216919835820111e-05,-1.7369879524642477e-06,-1.2439671728616043e-05,-6.905929473584874e-05,4.473011006634651e-05
1.791940803000216,0.6577735411956472,-0.2682442702029161,0.3148278506300633,1.9463534072504824,-2.381372436028807,0.037159484948545304,0.00010701823239128326,8.217092420641125e-05,-1.736947389694511e-06,-1.2438962317637508e-05,-6.905602653821909e-05,4.472995386614247e-05
1.7999088860001393,0.6577872319118035,-0.2682474053652065,0.31480367948946464,1.946338184688538,-2.3813837255487713,0.03718590653455122,9.919010747696098e-05,7.44177596711013e-05,-6.740869397071458e-06,-1.0581576335630032e-05,-5.6409672113382183e-05,3.196642098199357e-05
1.8079089829998338,0.6577804115276199,-0.2682580520540127,0.31480811512799234,1.9463081767365733,-2.3813427586582296,0.037180558623857524,9.683307951911274e-05,7.477043293253904e-05,2.0820124338788215e-06,-1.2479602253401458e-05,-6.905459426373706e-05,3.1968324131908017e-05
1.8158923249998224,0.6577838892257523,-0.2682635477733889,0.3148097516422611,1.9462811624448428,-2.3814303452881935,0.03718590750164335,9.340430848765616e-05,6.636157963153753e-05,2.0824135491470124e-06,-1.2476549492973259e-05,-6.905155841291512e-05,1.9184837542250653e-05
1.8238755639999908,0.6577815956798623,-0.2682798400952318,0.31481441620355266,1.946285597065506,-2.3814361766413037,0.03719710691419001,8.900641434662223e-05,6.701356295008367e-05,-2.9192983781957374e-06,-1.0620033609874634e-05,-5.640387471552023e-05,1.920442061007524e-05
1.8318945979999626,0.6577791092071916,-0.26824289015623126,0.3148255533245098,1.946359904380621,-2.3813801225069495,0.037121280717923325,8.900291545603295e-05,6.701600306806286e-05,-2.9184831291600115e-06,-9.937052597547479e-06,-5.524506138396356e-05,3.833201797974096e-05
1.8398831660001633,0.6577781987196216,-0.26826048916403766,0.3147920530420324,1.9462927320867538,-2.3814133645177264,0.03711984824294191,8.557585613366825e-05,5.860597111954959e-05,-2.9206350150247885e-06,-9.939410893326634e-06,-5.5245588278551385e-05,2.55489141914913e-05
1.8478994299998703,0.6577713858589437,-0.26826169852030834,0.31481146586746295,1.9462677462422613,-2.381410801930831,0.03714503007590391,7.881846278329769e-05,5.961321034823684e-05,9.0177734972218e-07,-9.976564919179661e-06,-5.5241942044994355e-05,2.5570244921209643e-05
1.8559223530000963,0.657786224020474,-0.26824840168605973,0.3147943328633582,1.9463154874024606,-2.381319502640653,0.0371020212629694,7.881693482239695e-05,5.961600221979979e-05,9.000229495887506e-07,-9.978993888883593e-06,-5.5242542380561807e-05,2.557038859775261e-05
1.8638988160000736,0.6577679990978433,-0.26826008179502436,0.31484215066806553,1.9463293886551052,-2.3814018587842534,0.037171931712453074,7.712967896110335e-05,5.985403318096749e-05,3.167967260262869e-06,-7.169247247149039e-06,-3.627301545802988e-05,2.564125597571581e-05
1.8718967220002014,0.6577904629928609,-0.26824455859355256,0.31483065967222357,1.946382290249549,-2.3814126223055356,0.03718946841505874,7.369893858165807e-05,5.144890848453089e-05,3.167254810852566e-06,-7.165416539427599e-06,-3.62717744434849e-05,1.2857884488577908e-05
1.8799611320000622,0.6577873960900601,-0.2682529900552093,0.314812921465149,1.9462733858676005,-2.381358952383166,0.03722114780089988,6.930062146665242e-05,5.210209092814287e-05,-1.8361011038485887e-06,-5.3145494780220066e-06,-2.3630687767989556e-05,1.2878085207859507e-05
1.8879488669999773,0.6577869160386796,-0.26824957532805493,0.3148038212617508,1.9463554329804778,-2.381346156301354,0.03720922182802578,6.930060437142619e-05,5.210200779312655e-05,-1.8361782380514392e-06,-5.3123508652234525e-06,-2.3628246552422458e-05,1.2877858803703125e-05
1.8958929000000353,0.6577803159685277,-0.268258061990673,0.31481841035499264,1.9462242910640768,-2.3813817501219487,0.037142650195153594,6.930089070912789e-05,5.210093193511007e-05,-1.836182021168786e-06,-5.31817655098021e-06,-2.362828557821074e-05,1.2878063349557257e-05
1.9038894840000467,0.6578039377043763,-0.26824989434026913,0.3148012169516212,1.9463426705575224,-2.3813902925552526,0.0371994638483082,6.587089578600103e-05,4.3694800137805403e-05,-1.8368535584267755e-06,-5.311188843674195e-06,-2.3626567260645155e-05,9.45365648881316e-08
1.9118927340000482,0.6577844446653074,-0.26824924132633365,0.3147654747952996,1.9463007390161104,-2.381299301419638,0.03708642552417079,6.58717379221297e-05,4.36931811568472e-05,-1.8387223853076145e-06,-5.320509460746449e-06,-2.36270356560705e-05,9.489053131743258e-08
1.9199193929998728,0.6577768748637224,-0.2682636554171088,0.31478284839637716,1.9462734599427667,-2.3813230449778913,0.03705987137057596,6.147289147171628e-05,4.434518766718152e-05,-6.839667782401136e-06,-3.465072892438995e-06,-1.0978283196534766e-05,1.1447272209904723e-07
1.927890212999955,0.6577946509539858,-0.2682640734560519,0.3147999562468792,1.9463350989839654,-2.381346252968418,0.037102299247673526,0.00011098911721134792,3.6906353126087964e-05,-0.0001921278224085429,3.698984610765127e-05,0.0002556635666600665,1.920851111279271e-05
1.9359329570002046,0.6577924050026476,-0.2682432582168663,0.31478944901068595,1.9462916207805478,-2.381254382639825,0.037044150432346344,0.00011098537425167285,3.690981109692342e-05,-0.00019212550602874437,3.697484183748337e-05,0.000255662988311229,1.9208832623268844e-05
1.9438928360000318,0.6577942856337906,-0.26827453463975126,0.3147958749560132,1.946323238600181,-2.3813631145006635,0.03716714486701989,0.00011098870022009869,3.690540634272523e-05,-0.00019212865872781282,3.699472630368368e-05,0.0002556614714649108,1.9208545596161155e-05
1.951885231000233,0.6577978293047377,-0.2682656519355836,0.31479006214975885,1.946301177241249,-2.3813623874709164,0.03711519987641513,0.0001075572496298462,2.8498257872578665e-05,-0.00019212923507036614,3.698971957574577e-05,0.00025566289506464624,6.425379823039205e-06
1.9598796750001384,0.6578028430177586,-0.268258076238717,0.3148032838955952,1.9463246428276073,-2.381364090259004,0.03714364975037289,0.00010756037602574752,2.8499137630526482e-05,-0.00019212912935046011,3.6988052580213586e-05,0.00025566313123948385,6.425345872747035e-06
1.9678830789998756,0.6577865275699888,-0.268278934066339,0.3147797512077066,1.9462353577553062,-2.3813366498786284,0.03717515463246927,0.0001075554950648138,2.8496827707933554e-05,-0.0001921274659850291,3.6991499840814205e-05,0.0002556584896810722,6.425664449754942e-06
1.9759066040001017,0.6577945687774804,-0.2682745685057902,0.31477983791336567,1.9462806548453655,-2.3813980516648052,0.03716839902873072,8.115803932218491e-05,3.241945032433665e-05,-0.00022213997838897443,4.813600587993759e-05,0.00033154691888890664,6.543060374752047e-06
1.9839312560002327,0.6578316427568277,-0.26822988370333695,0.3147808491056426,1.9463067557395322,-2.3813378097596134,0.03711918323035859,8.115616691839846e-05,3.242638309134712e-05,-0.00022214588109489998,4.810942812644428e-05,0.0003315507903038889,6.543133413836275e-06
1.9919346619999487,0.6577994749944222,-0.26823985391537924,0.3147752500104995,1.9462706403224133,-2.3813493596908915,0.03703896461371058,8.115499515557694e-05,3.242300882184952e-05,-0.00022213724635761198,4.811498210834413e-05,0.0003315513681996541,6.5431164682892585e-06
1.9998581830000148,0.6577912039048122,-0.2682763193255026,0.3147787900598343,1.9462005525709685,-2.3813800257029953,0.037112865028031315,7.880026587322317e-05,3.2773554345202994e-05,-0.00021331568008874167,4.623796866134394e-05,0.0003189040341727406,6.5448483469994305e-06
2.0079131430002235,0.6578054325342658,-0.2682490336221937,0.3147885835914648,1.9463111855612587,-2.381376629721575,0.03711901151927947,7.408614607265473e-05,3.348467559877883e-05,-0.00019567027735571785,4.244300890468029e-05,0.0002936236262656934,6.547778607745765e-06
